episode,duration,ad_spot,pct_through,context
ELFCM001,14:00,06:19,45.2,"So I looked around and nothing really existed like this for English language learners. So I thought, okay, I'll make it. Now, what can you expect from this podcast? On one level, it's quite simple. Podcasts for the curious mind."
ELFCM002,09:21,04:12,45.0,"There is a regulation that requires airline operators to be able to descend to around 3000 metres to ensure that passengers have enough oxygen, and given that the average height of the ground in Tibet is 5,000 metres, well, going down to 3000 metrers is a bit of a problem. Secondly, if anything goes wrong and a plane is required to make an emergency landing, well that's not very easy in the Himalayas."
ELFCM003,11:31,05:08,44.7,"In any case, in June, 1962 three prisoners escaped and then mysteriously went missing. These prisoners, Frank Morris, John Anglin, and his brother Clarence spent two years digging a tunnel through the walls and building a raft made out of raincoats to sail to freedom. On the night of the escape, they placed dummies, so fake bodies, fake copies of themselves they placed them in their bed to trick the guards and it worked."
ELFCM004,17:40,07:59,45.2,"it. I don't tend to pause and rewind when I listen to the podcast for the first time as I want to have as uninterrupted experience as possible. But you can if you like, it just depends on how patient you are. Once I've listened to it for the first time without writing anything down, I'll listen to the"
ELFCM005,16:20,07:19,44.8,"I should also point out that in the 2019 Soft Power report, it has slipped into second place. France always ranks pretty highly in any league table of soft power and came top of the rankings for 2019. It has a strong cultural footprint with a history of philosophy, arts, film, and literature, and the French revolution has projected it as a strongly Republican country with values that anyone around"
ELFCM006,15:01,06:46,45.0,"between scheming and plain theft. As we know, Russia was transitioning from a centrally planned and state run economy to a market economy. Very few people in Russia had any idea of how to do this, and there were many, many loopholes that were exploited by enterprising Russians."
ELFCM007,17:42,07:57,44.9,"Secondly, up to 200 nautical miles from the coast, this is called the exclusive economic zone. Within this area, a country owns the rights to resources of the sea, which includes fishing and oil and gas exploration. And again, so long as this doesn't impinge on the rights of another country, as long as it doesn't go so far as to to hit the territorial waters of another country."
ELFCM008,12:16,05:37,45.8,"With the advent of flight, this evidently complicated things. If a hot air balloon happened to blow over your land, blow over the airspace of your land, was this trespassing in the same way as it would be if a horse and cart of someone else came onto your land? As you might expect, it wasn't practical for a landowner to have infinite ownership of the airspace. This would mean they could do things like extract tariffs for anyone flying above their land, which"
ELFCM009,11:35,05:09,44.5,"The USSR believed that the US would do the same to them. So in terms of ownership of space, where does that leave us? If nobody owns it, what does that actually mean from a practical point of view? Are countries free to go to the moon, Mars and beyond, and not to have to worry about anything, as it doesn't belong to anything?"
ELFCM010,14:42,06:38,45.2,"When 'just' is used at the start of a sentence before an imperative, it's like an order, right? It reinforces the need to do something. It also adds a sense of urgency, so 'just shut up' means to ask someone to be quiet right now. You can use 'just' as a term to reinforce an imperative. Just shut up, just go away, just give me it."
ELFCM011,14:19,06:28,45.2,"One cold Christmas Eve, Scrooge is nasty and mean to his employees. Two men knock on his door asking for charity for the poor, and he refuses them. He is then rude to his nephew Fred, who invites him to spend Christmas together. And then when Scrooge gets home, he is visited by the ghost of his old business partner, Jacob Marley."
ELFCM012,12:19,05:27,44.3,"Specifically, it requires 7.8 megalitres per hectare to grow. Now, that might not mean a huge amount to you, it didn't mean a huge amount to me, but if we bring it down to the level of a tee shirt. There's research from Oxfam that suggests even now it can take up to 2,700 litres of water to make a single cotton t-shirt like the one that you might be wearing at the moment."
ELFCM013,09:32,04:19,45.4,"But why January the first? Well, the concept of the month of January existed in the Julian calendar and the God after whom January was named was Janus, the two faced God, the God of change. The Romans decided that Janus, who looked both forward and backwards because he had two faces, was a good symbol of the New Year, where you would look both forward to the future and past over the"
ELFCM014,18:04,08:10,45.2,"'guh' or 'buh' or strange baby sounds. One big mistake that many language learners make when they start learning a language is to start speaking right from day one. Yes, there are all sorts of people all over the internet that will tell you that you need to speak from day one, but I just want to say two things about that kind of strategy."
ELFCM015,19:03,08:31,44.8,"Unfortunately, like the subject of this podcast, it's not very good news. There's a lot of evidence to suggest that there are some pretty negative mental health effects associated with consuming large amounts of news. If you're just consuming negative content, it's very easy to get into the mindset that the world is a terrible place full of terrible people doing terrible things."
ELFCM016,17:25,07:48,44.8,"In fact, they were so popular and so cheap that they were often used as a substitute for beef. One of the most popular dishes at the time was beef and oyster pie, and the richer you were, the more beef and the fewer oysters you would use. Charles Dickens, author of books like Oliver Twist and a Christmas Carol, he once wrote, in Pickwick Papers, he wrote ""poverty and oysters always seem to go together""."
ELFCM017,12:55,05:51,45.3,"continental past. The story of the humble chip goes back to the 17th century, to either Belgium or France, depending on who you believe. Oddly enough, it's believed that the chip may have been invented as a substitute for fish rather than an accompaniment."
ELFCM018,16:24,07:23,45.0,"which are cured or smoked fish. And there's more, a typical lavish Victorian breakfast table would also include something called kedgeree, which is a lightly spiced dish from colonial India of rice, smoked fish and boiled eggs. Quite a sumptuous breakfast, right? These breakfast banquets could go on for hours, and the amazing thing was that they were just the"
ELFCM019,18:16,08:06,44.4,"But anyway, sliced bread was invented in 1928 and this made sandwiches just so much easier to make. Cutting bread is a bit fiddly to do in a straight line, and so buying it pre-sliced made making sandwiches incredibly easy. Secondly, was the invention of the pre-made sandwich, which arrived in 1980 in Marks and Spencer's, which is an iconic British department store."
ELFCM020,17:18,07:42,44.5,"they have paid to offset their carbon. You want to take a flight for a weekend away? Sure, you shouldn't feel bad about it because you can offset your carbon. The criticism is that it doesn't address the root cause of global warming and in order to have any chance of reducing the carbon in the atmosphere, people's behaviour needs to change."
ELFCM021,14:06,06:23,45.2,"Some attribute this to social media, the ease with which fake news spreads, or you could even say just the ease with which information spreads. Others attribute this to a lack of trust in government and the authorities. As people trust these kind of institutions less and less, the more seductive it becomes to believe that there is some kind of great conspiracy that the government is engaged in against us, against"
ELFCM022,14:31,06:37,45.6,"been a huge increase in demand for meat-free products. People want to eat less meat, but they want better tasting stuff than the old tasteless vegan sausages that supermarkets used to sell. And now there are a plethora of options, from burgers that bleed, with beetroot juice, I should say, to a vegan sausage roll that is huge in the UK."
ELFCM023,19:40,08:47,44.7,"language learners. In the era of people thinking that there must be a hack, a shortcut for everything, a quick solution that means that you don't need to put in the hours, this is becoming increasingly prominent. And lots of people seem to spend hours searching for hacks, for shortcuts, that will mean that they don't actually have to put in time learning the language."
ELFCM024,19:03,08:33,44.9,"Firstly, as this podcast now has listeners from all over the world, I think when I last checked it was 115 countries, and secondly, because I'm recording this podcast from the little island of Malta, which is famous for people coming here specifically to learn English. So if you've guessed the mistake I'm referring to, hats off to you. Perhaps the clues were not particularly clear."
ELFCM025,17:32,07:56,45.2,"Then just under a hundred years later, in 1801, Ireland joined the union and the United Kingdom of Great Britain and Ireland was formed. So this made both of the big islands, so island, not Ireland, one united country. If you've really been paying attention though, you'll note that this is the United Kingdom of Great Britain and Ireland, not the United Kingdom of Great Britain and Northern Ireland, which is what we"
ELFCM026,20:24,09:02,44.3,"the bullshit purposes in the five categories that we just spoke about. If you have ever worked in any sort of medium to large organization, whether that's in the private or public sector, I'm sure that a lot of this might be familiar to you. On a personal level, I used to work both as an employee and a contractor, a consultant to some quite big companies, and I was astounded to see how much of the work that people do in these companies is"
ELFCM027,20:23,09:03,44.5,"Jong-il. And it was under Kim Jong-il that North Korea first started enriching uranium in order to create its own nuclear capabilities, despite having promised not to. Fast forward a few years and after Kim Jong-il died in 2011 and was replaced by one of his sons, Kim Jong-un, things continued to get weirder and more volatile, more unpredictable, in the hermit"
ELFCM028,08:38,03:46,43.6,"So it seems at least that you are enjoying the show and that we're doing something right. But other than seeing that there are more and more people listening, I have got almost no idea of what we might be doing well, of what you like, and what you don't like. As a language learner myself, and an English teacher and a curious mind, I know what I would find useful from a learning point of view, and I know the kinds of topics that interest me, but that's"
ELFCM029,14:09,06:13,44.0,"And finally, after working through the night, they finally crack the pattern and understand the connections between the dots. This is basically what Palantir does, but infinitely faster and on an infinitely larger scale. Palantir might piece together data from millions of different sources that can tell us that someone has missed days from work recently, has visited a hardware store and bought unusual things, has"
ELFCM030,16:25,07:21,44.8,"But still, there was no sign of him. And there were hundreds of theories about who he actually was, or even, was it one individual or a group of people? Some said that the fact that the murders happened around weekends or public holidays and all within a very close vicinity of one another, they were very close to one another, meant that he must have"
ELFCM031,20:20,09:13,45.3,"The closer the words on the website are to the words that you're searching, in general, the more relevant Google will think that page is for you. Back when Google started, over 20 years ago now, people use to fill websites up with supposedly"
ELFCM032,13:46,06:11,44.9,"And if there was one thing that you didn't want to do, it was to get on the wrong side of Henry the Eighth, to make him angry. And Anne Boleyn got on the wrong side of Henry the Eighth. Just three years after they were married, Henry had her beheaded, executed in the Tower of London. And only days after Anne's head was separated from her body, Henry took his third wife, Jane"
ELFCM033,19:28,08:47,45.1,"So that's what's called the poverty trap, it's very hard to get out of this cycle. A Universal Basic Income would remove this, as you'd get the money whether you worked or not. Working would just mean that you got more money, not less. Also, and this is something that we touched on in our podcast on bullshit jobs, a Universal Basic Income would be far easier to administer."
ELFCM034,13:51,06:08,44.3,"they created huge egg ovens, which could hatch four and a half thousand eggs in two to three weeks. The advantage of this was, of course, that it means that the hens didn't need to sit on their eggs and they could get back to the task of laying more eggs. From Egypt the chicken continued to spread throughout the Mediterranean and it soon became a delicacy for the Romans, who were probably the first civilisation to try to industrialise the"
ELFCM035,15:06,06:49,45.1,"China's largest sand producing site produces almost a million tonnes of sand per day. So, where is all this sand coming from? Do people just go to the desert with big trucks and take it back to cities? And if so, what's the big issue? The Sahara Desert is huge."
ELFCM036,15:33,07:07,45.7,"It's pretty horrible stuff. And although this frightened some men, the behaviour of the women, others ridiculed the movement, and they took this as a opportunity to ridicule women. The name of the movement, the Suffragettes, actually comes from a name that was given to the movement by a male journalist from the Daily Mail."
ELFCM037,14:48,06:44,45.5,"The result was a boom, a huge increase in the number of people producing gin. And the third factor was a reduction, a lowering of the price of food, meaning that even the poor now had some extra money in their pockets. These three factors: the increased taxes on brandy, the relaxing of legislation around production and the increased amount of disposable income created the perfect storm for a huge boom in gin"
ELFCM038,17:20,07:52,45.4,"being used, but the actual words don't help you to visualise what you are trying to describe. If that's the case, then you shouldn't use these metaphors. It would only serve to confuse the reader or listener, and therefore has no purpose. Our second rule is ""never use a long word when a short one we'll do"". Now, I guess I don't need to explain what this rule is, but what I will do is explain why it's"
ELFCM039,13:49,06:19,45.8,"Johnson, the hero of our story. When Johnson started out on his task, he saw his role as to provide order, and to help stabilise the rules surrounding the English language. He thought it had got too messy. There were too many anomalies, too many peculiarities, too many strange rules, and he saw it as his"
ELFCM040,18:06,08:06,44.8,"It's a joke. Spaghetti does not grow on trees and it is certainly not harvested high up in the hills in Switzerland. You might think, ""surely British people would never have believed that"". Well, it turns out that quite a few people did believe it, and they wrote into the BBC to ask where"
ELFCM041,16:18,07:19,44.9,"But they knew pretty soon that they were onto something. They saw 20 of the Royal Mail bags, with no money inside of course, and they also found the getaway vehicles, the cars used for the robbery. But the thieves had been pretty careful. They had wiped everything down, they had cleaned the property, to avoid leaving any fingerprints or"
ELFCM042,22:43,10:18,45.4,"If you are, let's say, a business person from China and you want to visit a client in London, then Paris and Berlin, you would have to go and apply for a UK and a Schengen visa, wait a few weeks for it to be processed, then you'd have a long and tedious immigration process. With the right passport, you skip the queue, literally, and walk into almost any country you want. So it's pretty evident why people want them."
ELFCM043,22:02,09:50,44.6,"But a tulip bulb is only formed after 7 to 12 years. When the bulb turns into a flower, the bulb disappears, but another kind of bulb is formed as well as several other things called buds, which can then be turned into bulbs. So long story short - tulip bulbs take a long time to appear, but once you have one, you can turn that into several more bulbs."
ELFCM044,18:19,08:07,44.4,"And so while the Poles had been able to read a large number of messages, they could now only read messages sent by the older machines. So it wasn't nearly quite as effective. By the time it got to 1939 and it was clear that war was going to break out any minute, the Polish mathematicians decided to share their work with the British and French."
ELFCM045,16:52,07:38,45.3,"and he was taken to the Tower of London where he was interrogated. Finally, after repeated days of torture, he revealed the names of his conspirators most of whom were captured by the King's troops. The punishment for attempted murder of the King was, as you'd expect, pretty serious."
ELFCM046,22:02,09:55,45.1,"government friendly because of the other regional rivalries. So firstly, their neighbour, Pakistan, which is actually where it's thought that a lot of the Taliban studied. Then also Saudi Arabia and the UAE, the United Arab Emirates, who were very keen to have an influence in the region, especially if it meant"
ELFCM047,18:56,08:26,44.5,"on Fox News saying that they will boycott, they will stop shopping with them, if they don't. On one level, these petitions have worked, they have served their purpose. Lots of advertisers have indeed pulled their adverts from Fox News. One show, the Tucker Carlson show, has lost dozens of advertisers, and it's estimated that advertising revenue, the money they"
ELFCM048,21:28,09:35,44.7,"the virus spread very easily from soldier to soldier. Indeed, one of the first times that the virus was actually reported was in an army camp in Kansas in the United States. In this camp, there were around 50,000 soldiers who were waiting to be shipped to Europe to fight. Early one morning in March, 1918, a soldier reported himself"
ELFCM049,22:06,10:01,45.4,"It is all structured around the economist's favourite incentive: price. Firstly, there is a minimum price that a Fairtrade farmer gets, for the products that he or she sells. This means that, even in times when the price of something might go very low, that farmer still receives the minimum price for the goods that they sell."
ELFCM050,06:58,03:10,45.7,"But you have to use the code April4 so A P R I L four and that gets you 20% off, so it gets you the membership for four euros a month. But be quick, we are limiting this to the first 50 members to use the code. So go and check that out, it is at leonardoenglish.com/subscribe. From now on, you will need to be a Listener member to get access to all of"
ELFCM051,24:10,10:49,44.7,"The queen, despite being technically the head of state and having the power to appoint and dismiss a prime minister, she never expresses any public opinion about anything really, political or otherwise. Indeed, after the Brexit vote in 2016, there was a lot of speculation that she actually disagreed with the way that the vote had gone because of some of the clothes that she wore."
ELFCM052,17:20,07:48,45.0,"first Guinness Book Of Records was done, it was complete. Around a thousand copies were printed and they were given out for free, the idea being that people could read them while they were enjoying a refreshing pint of Guinness. But when it was first published, neither the twins nor Guinness were to know what they had started."
ELFCM053,22:37,10:14,45.2,"because what if the seller just said they didn't receive it? You couldn't go to the police and say that your parcel of drugs or fake passports hadn't arrived. The answer, if you weren't aware, is Bitcoin. A proper discussion of Bitcoin is probably a subject for another episode, but it"
ELFCM054,23:07,10:27,45.2,"But it was in 1985 when our story really starts to get interesting again as it was bought by the Egyptian Mohamed Al-Fayed. Now, Al-Fayed was, and still is, I should say, a larger than life character. He is anything but boring. He is an Egyptian and had accumulated a large amount of money through"
ELFCM055,17:49,08:04,45.3,"So we've talked about a few weird and wonderful etymologies in English, but of course for words like quarantine, the equivalent in languages like Spanish and French are also pretty similar. So they aren't unique to English, but they are pretty interesting nonetheless. Now it's time to talk about a few more weird and wonderful origins of words, words"
ELFCM056,17:46,08:03,45.3,"And just in case people didn't know how much he loved horses, he ,like his predecessor decided to build a huge gold statue of himself on a horse that sits on top of a 20 metre high white marble statue in the capital of Turkmenistan, Ashgabat. You may have heard his name because he was in the news last year, in 2019, as they were reports that he had died."
ELFCM057,19:57,09:01,45.2,"in thousands of people losing their jobs and thousands more families being affected. The trade unions, as I said earlier on, were very strong at this time, and the miners went on strike. In 1979 alone, 29 million working days were lost, and it's estimated that this cost Britain about one and a half billion pounds."
ELFCM058,19:30,08:49,45.2,"are a few numbers just to remind you of what we are all dealing with. Since 1950, 8.3 billion tonnes of plastic has been produced, and of that 6.4 billion is no longer in use, it's now considered useless. So where is this 6.4 billion tonnes of plastic then? Well, of the 6.4 billion, 79% is either in"
ELFCM059,18:33,08:20,44.9,"remember that life in Victorian Britain for the majority of people was pretty tough. Poverty was widespread, living conditions were pretty terrible, and generally it wasn't a great time to be alive. Albert, Queen Victoria's husband was acutely aware of this situation and wanted to keep the cost of tickets low so that anyone in society could attend."
ELFCM060,16:56,07:31,44.4,"If you laugh when you're delivering a joke, you've failed, or you're American. It's almost like it's a competition. The person hearing the joke first has to laugh and only then are you allowed to laugh. Or if you are being very British, nobody laughs, there's just a mutual understanding that it was a joke, it was funny, but that there's no need to physically express your amusement."
ELFCM061,13:37,06:15,45.9,"Firstly, a couple of senior employees resigned, they handed in their notice, saying that they weren't happy that their junior employees' salaries had been raised so much as it would make them lazy and the company uncompetitive. Secondly, there was a big influx of job applications. This minimum wage was significantly above the average for the area, and, understandably,"
ELFCM062,16:12,07:19,45.2,"To give you an example of this, if I used to make something and export it for $10, but now, because the currency in my country has increased in value, I need to sell the same thing for $20, well, there are going to be fewer people that will want to buy it. Because the export industry becomes less competitive, it doesn't grow, and so the country becomes completely reliant on the money it gets from exporting its natural resources."
ELFCM063,21:01,09:33,45.5,"Mario called back later, and said that this Barbarella had told him that she had run away from home because she was bored, but she was planning to come back home at the end of the summer for her sister's wedding. This did seem credible. Her sister was getting married and potentially this could"
ELFCM064,16:36,07:27,44.9,"But restaurants work with very small margins they don't generally make much profit anyway, and paying a third of the money you get out to a food delivery app can make running a sustainable business very difficult. What's more, when these food delivery apps run offers, so $10 off or get 20% off today in order to entice customers, the commission that they take from the restaurants is"
ELFCM065,21:27,09:34,44.6,"fears, they capitalised on the fears that people had about tap water. They tried to get people to be afraid of drinking water from the tap, and instead to buy bottled water. There were famous advertising campaigns with taglines like ""tap and toilet water come from the same source, don't you deserve better?"""
ELFCM066,16:39,07:28,44.8,"recently executed people, politicians and aristocrats who had their heads cut off at the guillotine. People could now come to his museum and marvel at the waxworks of others who had recently been killed. They could stand right there in front of the heads of famous people who had been executed at the guillotine just weeks before."
ELFCM067,17:17,07:47,45.1,"And within a few years, It was being sold into households all over America. And to think, if he hadn't put his hand into his pocket that day, well, perhaps the story of the microwave would have been slightly different. Next up is Viagra. Now, Viagra, which I think is the same word in almost every language."
ELFCM068,19:46,08:52,44.9,"But also, the fewer speakers of a language that do exist, the fewer opportunities those people have to speak that language, and as we all know, if you don’t actually use a language, you start to speak less fluently in it, and you start to lose the language yourself. And if you are the only speaker of a language and you don’t have anyone left to practice with, well then that language is quickly on the path to becoming extinct."
ELFCM069,18:25,08:22,45.5,"Portuguese, and so on - and the rest are from Germanic and Slavic languages, and also Greek. So about half of the world’s population should at least be already familiar with some of the vocabulary, which means it’s easier to learn, as you aren’t starting from nothing. What’s more, Zamenhof created the language so that it was intentionally very easy to learn. You didn’t need formal schooling, or years of study - the idea was that anyone, regardless of"
ELFCM070,21:47,09:48,45.0,"new global organisation, that there needed to be a global declaration of human rights that applied to every human on the planet, no matter what country they came from, their gender, their religion, the colour of their skin, or anything else that might differentiate one person from another. These were to be inalienable rights, rights that cannot be taken away. And the result of this was this declaration, in 1948, with"
ELFCM071,20:09,09:02,44.9,"He became very interested in Afghanistan and central Asia, and he longed for the chance to explore it properly. It was the wild west, to the Brits. From its geography to its culture, very little was known about it. And if Britain was to establish good relations, and a trade route, then they"
ELFCM072,19:23,08:39,44.6,"offenses, one third of them, half a million end up behind bars. And this as I'm sure we all know has an inordinate impact on the black community, with one in five black Americans spending time behind bars for drug offenses. 13% of the American population is black, yet 40% of the incarcerated population, the population in prison is black."
ELFCM073,14:40,06:34,44.8,"published an opinion piece on the front page saying “This is a British paper, run by British people ... as British as roast beef and Yorkshire pudding ... Let us keep it that way"". Instead, the News of the World was sold to another media tycoon, a man called Rupert Murdoch. Now, if you have listened to the episode on Fox News, you will know all about Rupert Murdoch. He became a bitter rival of Maxwell’s, and they both ended up fighting for"
ELFCM074,16:12,07:23,45.6,"the world stage to be Donald Trump’s running mate for re-election in November 2020. And, perhaps even harder to believe is that Trump is actually Q, and he is busy giving encrypted messages about national security to his followers. The people who believe this do so because they look at his tweets and see references to him admitting that he is Q."
ELFCM075,21:18,09:32,44.8,"These new apartment blocks to the north of the city became wholesale drug markets. Their design made them almost the perfect place for selling drugs without the fear of being caught by the police. They had vast internal areas, and they could be closed off from the outside. They were often in large, open areas, so if there was a police raid, the lookouts,"
ELFCM076,18:21,08:17,45.2,"But, as is often the case, things that look good on paper, don’t always work out so well in the real world, and the World Bank has come under a lot of criticism for the way in which it dealt with countries, and the impact of these World Bank loans has not always been as anticipated. The first thing to say is that World Bank loans normally require some form of what’s called Structural Adjustment."
ELFCM077,21:53,09:54,45.3,"Yet there was still a problem. What happened if you, as an Englishman in London let’s say, in 1870, wanted to send a letter to someone in another country, let’s say you wanted to send it to Rome, in Italy for example? Well, this was still very complicated. The letter that you wanted to send would, of course, have to travel"
ELFCM078,17:30,08:01,45.8,"right to be there, and they were prepared to defend their territory .   Occasionally, when a fishing boat got too close, the Somali fishermen would get on board the boats, and demand a payment from the boat’s owner. The idea behind this, reportedly I should say, was as some kind of compensation. These fishing boats had stolen all of their fish, so they needed to pay."
ELFCM079,16:29,07:24,45.0,"But of course, as a loyal member of Leonardo English, I’m sure that you are unlikely to be drunk and disorderly on the streets of the UK. And we have just one more slightly strange law relating to alcohol. Naturally, like almost every country in the world, it is against the law to be drunk and drive a car."
ELFCM080,21:20,09:42,45.5,"parties with celebrities like Paris Hilton and Kim Kardashian. For his 31st birthday, in 2012, he threw the wildest party that Las Vegas has ever seen - and I imagine it has seen quite a few wild parties. For this party, Kanye West performed, Britney Spears burst out of a cake, and there were performances from Jamie Foxx, Busta Rhymes,"
ELFCM081,14:25,06:33,45.4,"or region, you can see the vital role that the Svalbard Global Seed Vault plays. It’s a pretty amazing idea, that there is this one organisation that exists for the benefit of everyone in the world. It is a non-political organisation. It’s managed by three different parties - the Norwegian government,"
ELFCM082,15:38,07:01,45.0,"With Donald Trump, he often starts with the subject and the verb, but then might get distracted and go off on a completely unrelated subject, on a complete tangent, before coming back to finish what he was originally talking about. Or sometimes he doesn't complete the sentence at all. Understandably, this makes it incredibly difficult for anyone trying to professionally"
ELFCM083,20:48,09:19,44.9,"to the boat, but he was persuaded to do so by his crew. Another group of men got on a smaller boat, and they went out to the mystery ship, got on board, and took control of it. They then had this mystery ship under control, and the two ships set off together again. A few days later, a dense fog descended upon the two"
ELFCM084,23:50,10:48,45.3,"Tito was elected prime minister of Yugoslavia in 1945 with an overwhelming majority. He was viewed as the man who had saved the country, and it was quite right that he should take his place as its leader. The king was ousted, he was removed, and the Federal Republic of Yugoslavia was declared. Back in Moscow, Stalin was a little wary of Tito, and the"
ELFCM085,18:17,07:58,43.6,"toxic liquid inside, and these tanks are normally just left uncovered. There are some amazingly scary pictures of these Rare Earth mines in South China, and of the waste that they have all just left behind. If you close your eyes and imagine a beautiful Chinese hillside landscape, then add some highly scenic pools on the side of the hill, but the difference here is that these pools"
ELFCM086,17:39,07:51,44.5,"The Roadster could go for almost 400 kilometres on a single battery charge, and it could go from zero to 60 miles an hour in 3.7 seconds. It was a real serious car. The fact that Tesla managed this got all of the executives at big car companies thinking and in the past 15 years or so, almost every manufacturer has released its own electric cars."
ELFCM087,19:00,08:34,45.1,"recruit people to join his own secret society, The Illuminati. These new recruits would also recruit other Freemasons, and there was quickly a pretty thin line between who was a Freemason and who was in the Illuminati. The number of Illuminati members grew, and they spread geographically from their original base in Bavaria to large parts of Western Europe."
ELFCM088,17:27,07:47,44.7,"that’s a similar size to a human’s, they communicate with each other through clicks and whistles. Orca, or killer whales, have also learned to talk like dolphins. There was a study of orca where they found that they could imitate the noises of dolphins. This was an amazing discovery, as there are very few animals that are able to actually ‘learn’ sounds - when something like a dog or a cat makes a sound, they just have"
ELFCM089,20:47,09:24,45.3,"behaviour reached an entirely new, but not unexpected, level. He murdered a man. Accounts differ over exactly what happened here, but he killed a man called Ranuccio Tomassoni. One theory goes that Caravaggio and Tomassoni had an argument over a woman, potentially a prostitute, or even Tomassoni’s wife."
ELFCM090,18:15,08:20,45.7,"Medici wasn’t without his enemies, rival families who felt that the Medici had stolen their power, and Cosimo was exiled from Florence in 1433 by a rival family before being voted back in by a ruling government full of people that Cosimo had done favours for and lent money to. Cosimo understood the power of doing good things to people - you could say that this wasn’t always for completely altruistic reasons, but it certainly worked."
ELFCM091,20:04,09:04,45.2,"Indeed, for the first few years of its existence, lots of ships got stuck. It was too thin, which made it difficult to navigate, and improvements were made to widen and deepen it to stop the ships getting stuck. Despite this being a great coup for Egypt, now the proud partial owners of a brilliant example of modern civil engineering, the Egyptian government ran"
ELFCM092,23:42,10:38,44.9,"minds as this intellectual man who had a god-given right to be rich, so what did it matter if he thought that a second job that paid more than 8 times the national average was nothing? He was Boris. So, Boris Johnson uses complicated language to impress, to position himself in people’s minds as a member of the intellectual elite, born to lead the country."
ELFCM093,17:51,07:57,44.6,"Lin Zexu was not good news for the British opium dealers. He ordered the British opium merchants to hand over to him their supplies of opium,  so that he could destroy them. After some tense weeks of negotiations, and assurances from a top British diplomat that the British merchants would be compensated for their opium by the British government, the"
ELFCM094,16:02,07:15,45.3,"later turned out to be swans, or even an upside-down canoe. There have been thousands of sightings of Bigfoot across North America, going back hundreds of years. Yet, as you probably know, almost all the sightings have been debunked, and when there have been photos taken of Bigfoot, they have proved to be either faked, or of a bear or something like that."
ELFCM095,16:21,07:18,44.7,"Luxottica-owned brands, then it’s easy to see how this swiftly has become a very powerful business. And there is a lot of money in glasses and eye care. They are very cheap to produce and are sold for vast amounts of money. Even the most expensive designer glasses typically cost not much more than €30 to produce, but they can easily be sold for more than €300, ten times the cost of production."
ELFCM096,22:25,10:08,45.3,"have dragon heads carved into them, and big, red painted sails. But if you lived in a coastal town in northern Europe and you saw one of these beautiful ships with a big sail in the distance, well, I don’t imagine you would be admiring the artwork. As news of the spoils to be had, of the treasures to be taken, as it reached the communities back in Scandinavia, more and more men joined these raiding parties."
ELFCM097,17:54,08:06,45.3,"chair, with their eyes open looking at the camera, as if they were alive. The photographer might edit the photograph afterwards - not in Photoshop, of course, but they would edit the photograph by painting on it, to make the dead person look, well, not so dead. If you have seen any of these photos they truly are bizarre to us in the 21st century, but you can understand why they did them."
ELFCM098,22:56,10:20,45.1,"a natural park, invests the same amount of money, hires the same 1,000 people on the same salaries, they all love their jobs, and it makes the natural park way more attractive for guests, and actually takes CO2 out of the atmosphere, then this would have the same GDP impact as our first scenario. I’m sure you’d agree that they don’t have the same impact on everyone’s quality of life. Another criticism of GDP is that it doesn’t factor in anything that"
ELFCM099,17:33,08:00,45.6,"a hockey bag full of Canadian dollars and exchanging it all for casino chips. He comes in and passes this bag to the cashier, who puts it through the money counting machine, and it takes a whole ten minutes to count all the cash. It’s pretty mad to watch. So, that’s the first stage, get the illegal money into the money system in the first place."
ELFCM100,18:24,08:15,44.9,"of introduction to the Duke of Milan explaining how he could help him, he didn’t even really mention the fact that he was a painter, instead focussing on his talents as a military engineer, writing about how he could build bridges, guns, and weapons of war. Only right at the end of his letter did he say “I can carry out sculpture in marble, bronze or clay, and also in painting whatever may be done, and as well as any other, be he whom he may”."
ELFCM101,21:12,09:32,45.0,"out, and he continued to develop, to hone, his incredible skills as a public speaker. Membership of the British Union of Fascists continued to grow, and at its peak it’s said that it numbered around 50,000. They had their own flag, and their own uniform, the blackshirt. Members of the BUF developed a reputation for violence, and there would be huge fights"
ELFCM102,18:55,08:32,45.1,"Coldplay, he was reportedly a keen golfer and he noticed the same thing. In the summer he would often have to stop playing golf because it got dark, but most people were still asleep when the sun came up. How about just moving the clocks forward during the summer to make the most of the daylight? Note that these proposals were both made by people quite far away from the equator - for"
ELFCM103,15:53,07:05,44.7,"started to join circles of people who were also interested in mathematics, and stumbled across some good fortune by meeting a government official called Ramaswamy Aiyer, who had founded the Indian Mathematical Society. Aiyer was amazed at the work that Ramanujan had done, and was still doing, and put him in touch with another of his mathematical friends, a man called Ramachandra Rao."
ELFCM104,19:13,08:44,45.4,"shows that followed survivalists around and generally poked fun at them. There was a show called Doomsday Preppers on National Geographic that went on for 4 seasons, from 2012 to 2014. It told the stories of people who had taken what seemed to most people then as incredibly extreme measures - from spending millions of dollars on creating airtight fortresses to live"
ELFCM105,16:26,07:22,44.8,"the fate of coffee if he hadn’t tasted it himself firsthand. This seems a little bit of a strange thing for a pope to do, if you ask me, but Pope Clement VIII decided that he needed to taste this bitter invention of Satan to see for himself. He took a sip of this new, black concoction, and decided he liked it. Coffee was ok, it wasn’t an invention of Satan, and he gave it his papal blessing."
ELFCM106,19:52,08:47,44.3,"know, is a place where an umbrella comes in pretty handy. Umbrellas began to be more and more widespread in Victorian England, but they were big, heavy things with dangerous spikes that could open quickly and without warning, injuring people around you. So presumably, when it was raining outside, people used to open their umbrellas inside, but children, family members and pets got hurt by these things opening"
ELFCM107,16:12,07:15,44.8,"By this time your heartbeat and your breathing have slowed, your muscles have relaxed even more, and your eyes have completely stopped moving. This stage normally lasts about an hour, and is the longest of the four stages of sleep. Then it’s on to stage 3, we’re still in the non-REM type here, and this is when everything slows to its slowest during the night."
ELFCM108,16:09,07:12,44.6,"For crimes as small as stealing a loaf of bread you might be sentenced to be put on a ship and sent off to America for either 7 or 14 years. The ships were, as you might imagine, horrible, rat-infested vessels. If you did manage to survive the journey, you would in effect be sold to a plantation owner in one of the new colonies."
ELFCM109,20:38,09:20,45.2,"to focus its attention elsewhere, and specifically, to the east. In 1787, as you may have learned about in the last episode on Penal Colonies, the first settlement was established in Australia. But Australia was really a minor feature in the British Empire. The jewel in the crown, as it was nicknamed, was India."
ELFCM110,20:11,09:07,45.2,"Why not give out coupons for a free glass of Coke, to allow people to try it, then they would like it so much that they’d buy it the next time. This was an idea that had been tried by an accountant at Coca-Cola, but on a small scale. Candler decided to do it en masse, and ended up giving away 8.5 million coupons for glasses of Coke, sending it to people through the post."
ELFCM111,19:39,08:56,45.5,"In the 19th century they would often be split into different rooms for different classes of person, similar to how a train or an aeroplane might have different areas for different ticket types, different ticket prices. There was the public bar, or tap room. This was where working class men would meet, and would often be a single room with very few places"
ELFCM112,21:10,09:32,45.0,"You should see your results and think, ok, great, that’s me. Myers and Briggs, the mother and daughter pair, continued working on their system, eventually publishing it in 1962. It wasn’t until 1968 that it caught the eye of a professor of psychology at the University of Florida, Mary McCaulley."
ELFCM113,22:59,10:27,45.5,"In addition to this, Mao encouraged these communes to start making steel for industry, and small, makeshift steel furnaces were created, with peasants melting their metal agricultural tools to make steel. Unfortunately these plans did not turn out to be the resounding success that Mao had hoped for. And that’s a little bit of an understatement."
ELFCM114,22:20,10:11,45.6,"around the coast of South America, up to the Galapagos Islands, all the way across the Pacific to New Zealand and Australia, through the Indian Ocean, stopping off at Cape Town, back to Brazil before stopping off at Tenerife and then returning to Britain. Darwin’s role on the trip was purely as a botanist, as a researcher of the natural world. Although he suffered terribly from seasickness, he actually spent most of his time"
ELFCM115,16:56,07:31,44.4,"diary entries that we get a lot of our knowledge about what happened. Pepys didn’t want to move everything out of his house, but he did want to protect his most valuable possessions. To Pepys, two of his most valuable items were a bottle of wine and his parmesan cheese, which he decided to bury in his garden, to protect it from the fire."
ELFCM116,22:03,09:52,44.8,"a theory of how selfish interests manifest themselves in decision making. But this rejection of his architectural idea didn’t stop Bentham from pursuing his more radical plans about how the justice system, and the penal code, should be reformed. Seen through the lens of utilitarianism, a lot of the prevailing justice system, the justice system at the time, didn’t make sense."
ELFCM117,22:09,09:58,45.0,"of his soldiers Jenner’s smallpox vaccine and awarded Jenner a medal. By the start of the 20th century, smallpox had been virtually eradicated in the developed world, however it was spiralling out of control in the developing world. It’s estimated that it killed 300 million people in the 20th century. There was a huge, global effort to eradicate the disease, using a vaccine that was based on the"
ELFCM118,17:46,08:00,45.0,"Now, you’ve probably heard tales of this, and it’s often pointed at as an unlikely display of shared humanity in an otherwise inhumane period, and that is the spontaneous holiday ceasefire, a putting down of weapons, and 24 hours of peace between the two fighting sides. The story goes that on the evening of December 24th the Germans had decorated their trenches with Christmas trees and candles, and began singing Christmas songs."
ELFCM119,26:12,11:52,45.3,"When he got to Newcastle, much to his surprise, he was given a hero’s welcome. There was a campaign to buy him a gift when he arrived, and they raised enough money to not only buy him a gold sword, but to have a pile left over that was donated to Italian Independence. They raised £30,000 which would be the equivalent of around £2 million in today’s money, which all went towards Italian unification."
ELFCM120,17:20,07:47,45.0,"driver could sit comfortably, more as if they were sitting on a chair than on a horse. This wasn’t only more comfy, but meant that women who were wearing skirts, which most women were, they could also ride the scooter without being uncomfortable. The name for D'Ascanio’s invention, legend has it, comes from when he first presented it to his boss, Enrico Piaggio - he exclaimed"
ELFCM121,19:16,08:36,44.6,"He also didn’t hire any botanists, or take any advice from any experts on how to actually grow rubber. Reportedly he hated experts, and he had complete conviction in his own genius and business ability. He had essentially created the entire automobile industry, and became one of the richest men in America, so he didn’t need to listen to any experts about what was and wasn’t"
ELFCM122,21:39,09:49,45.4,"With Bitcoin, it goes straight from your bitcoin wallet to their bitcoin wallet, and the information about this transaction is added to a public record of every bitcoin transaction that has ever been made. This is called the blockchain. This chain is basically like a huge record of who has paid what, to whom, when."
ELFCM123,22:24,10:09,45.3,"impose his own set of rules or cultural norms on them. He was also, reportedly, incredibly loyal to those that were loyal to him, and ruthless to those that weren’t. He rewarded loyalty and performance with gifts and high positions in the army. His army was meritocratic - it didn't matter whether you were born at"
ELFCM124,17:45,07:58,44.9,"All this came to a head in August 1995, it culminated in the summer of 1995. Blur had scheduled to release their lead single, the first single of the band’s fourth album. It was called Country House, and the album was called The Great Escape. Rival bands would not normally release their songs too close together, because doing so would harm their chances of selling as much as possible."
ELFCM125,18:45,08:28,45.2,"the UK owe more than the country produces every year. As a percentage of GDP, it's not the highest, it's only just over 100%. Italy is around 150%, Greece is around 190%, and Japan is around 220%. So, Japan has a debt of 2.2 times its GDP. Certainly in the near term these numbers aren’t going to get any lower, as countries"
ELFCM126,19:33,08:51,45.3,"It was believed to be good for your health, and was also considered to be an aphrodisiac, a substance that increases sexual desire. Indeed, Casanova, perhaps the most famous European womaniser, was reportedly a huge fan of cacao. But these Europeans were still drinking cacao, not eating it. What you and I know as chocolate wasn’t to come until 1828, and was to be invented by a man"
ELFCM127,19:32,08:38,44.2,"What meets the condition of a just reason, and what is a ‘wrong’ one? And, what meets the conditions of having ‘good intent’? Surely that is very much open to interpretation. Indeed, at the time that Thomas Aquinas was writing his Just War Theory, Christian crusaders were off in the Middle East fighting a holy war that"
ELFCM128,17:49,07:59,44.8,"you can probably read the entire thing in under an hour. If you read it, you might be surprised to find that it seems a little bit disorganised, a little bit disorderly. The book is divided into 13 different chapters, each of which discusses a different element of military strategy."
ELFCM129,22:08,09:57,45.0,"going to be some slightly unpleasant descriptions of what these diseases actually did to you. All of these three diseases, the three plagues, are caused by a bacterium called the Yersinia Pestis. It is carried by rats, and most believe it to be transferred from rat to human, and then human to human, through fleas."
ELFCM130,19:52,08:52,44.6,"As an independent republic, Rose Island wouldn’t be part of Italy. It wouldn’t need to respect Italian laws, it wouldn’t need to use Italian money, and it wouldn’t need to pay taxes to Italy. On the mainland, politicians scrambled to try to understand the legality, and the implications, of this."
ELFCM131,14:16,06:32,45.9,"is against their religion and in addition to that, they know that alcohol has negative health consequences, and they know that they need to drive a car later on that evening and that driving while drinking alcohol is dangerous. That’s a lot of reasons to not drink alcohol, a lot more than someone who, for example, was aware of the long term health consequences of drinking"
ELFCM132,18:42,08:22,44.8,"it go from a Christian bishop being killed to a huge celebration of love and romance, and something that is quite far removed from any religion? Well, it did start out as a religious feast. The Feast of St Valentine was added to the Catholic religious calendar around the year 496, and celebrated this mythical St Valentine."
ELFCM133,17:35,07:58,45.3,"So, hahah, maybe you found that funny, maybe you didn’t. The point is that it’s unexpected, and the fact that we’re trying to reconcile our expectations about what we thought would happen with what actually does happen is what makes us laugh. Our second theory of humour is called the Superiority Theory. Now, if you feel superior to someone, you feel like you are above them, you’re better than them."
ELFCM134,19:51,08:56,45.0,"I know this might sound uncomfortable for native speakers of certain languages, where using longer, more complicated vocabulary is considered better, but in English it isn’t. So, we have our base for English soup, but what next? We’ve only got to the 5th century AD, and the soup has only started bubbling. The next big event in the English language was the invasion by the Vikings, in the 8th Century AD."
ELFCM135,19:50,08:58,45.2,"Whether this is right or wrong is another question, but the result was that many of the old, British families with these huge country houses simply couldn’t afford to pay the tax on the inheritance and keep the property. To give you a working example, if your parents owned a large country mansion, a large country house, and it was left to you after they died, let’s say this"
ELFCM136,20:17,09:12,45.4,"from the characters, which he could then reinvest in making more and more movies. As the studio continued to grow, Disney was able to make more ambitious, more expensive, movies, the first of which was one I’m sure you will have seen, Snow White and the Seven Dwarves. Before Snow White, Disney mainly made short films, and Snow White was the first animated feature film, the first long film."
ELFCM137,16:03,07:17,45.4,"is locked up in a tower, cost $260 million dollars to make. So, there is a very high cost-base to the creative side of Disney, just to produce one of these films is hugely expensive. Even for a company like Disney, making one of these massive films is risky. It might flop, people might not like it, and in that case Disney can lose a lot of money on a film."
ELFCM138,18:57,08:36,45.4,"If a character was doing something evil and you couldn’t understand why, well that was scary. But if you know why the character is behaving in a particular way, even if what they are doing is evil, a child can manage it if they understand it. Again, to give you some examples, in The Little Mermaid, Ursula, the sea witch, has been thrown out of Atlantica by her rival, King Triton."
ELFCM139,22:54,10:15,44.8,"dedicated to Esperanto, it’s Episode 69, so if you want a full dose of Esperanto, that’s one to listen to if you haven’t done so already. As I hinted at, Esperanto was invented for very different reasons to Tolkein’s languages. While Tolkein’s were there for mythical, storytelling purposes, to give a voice and a language to an invented people, Esperanto was created to make"
ELFCM140,16:02,07:11,44.8,"It originated in, or very near to the East End of London, a small area about 2 km across, it’s the historical centre of London that is now quite far to the east of where you might think the centre would be. One theory about why it was created is that it was as a way for people who lived there to have their own, secret language so that the police couldn’t understand what they were saying."
ELFCM141,20:34,09:14,45.0,"At least, from a military point of view it was not a success. To cut a long story short, the French ships were sunk at the battle of the Nile in 1798, almost as soon as they arrived in Egypt. After 3 years of fighting against the British and the Ottomans, Napoleon fled back to France, and in 1801 the French forces surrendered."
ELFCM142,17:15,07:50,45.5,"Indeed, Scotland and England had been living in a slightly strange situation for just over a 100 years, where Scotland and England shared a king, they shared a monarch, despite technically being different countries. This happened because in 1603, as Elizabeth The First had no children, she made her closest living relative, James the Sixth of Scotland, also King of England."
ELFCM143,23:39,10:42,45.2,"Jean De la Valette had prepared the forts on the island, and outside the forts, in the settlements that the Ottomans were likely to pass through, Jean De la Valette had ordered for the wells to be poisoned, so that there was no drinking water, and for any food to be destroyed. The defending forces were seriously outnumbered - there were reportedly around 700 Knights and around 8000 Maltese soldiers facing the 40,000 strong Ottoman army."
ELFCM144,17:24,07:50,45.0,"open a main artery, and a huge fountain of blood would pour out, covering the men on the boat. They would then tow the dead whale back to the main boat, drag it onboard, and proceed to cut it up into small pieces, and boil them in pots to create the precious whale oil. After having repeated this 40 or 50 times, with 40 or 50 different whales, the ship would return to shore, where they would sell the whale"
ELFCM145,18:58,08:27,44.6,"So, footballers are paid a lot. And football clubs pay a lot to get footballers. But you probably knew this already - what is much more interesting is to ask ourselves….why? Yes, football is very popular, there is only room for 22 people to play on the field at any one time, and there are billions of people around the globe who love watching"
ELFCM146,22:41,10:09,44.8,"There were murals all over the city, he was mobbed by adoring fans everywhere he went. As well as being a hero to the people of Naples,  he was a national hero in Argentina after having led the national side to glory at the World Cup in 1986. It was to be in this tournament, and within the course of 5 minutes, in the England vs. Argentina quarter final, that the world saw two of the most famous goals by Maradona."
ELFCM147,19:52,08:53,44.7,"moving all over the world, being loaned out to unexpected places. Calvi had borrowed money denominated in dollars, and then sent it to other Banco Ambrosiano branches in places like the Caribbean. After that, it was lent out to non-existent companies, companies that existed only as a letterbox, and were used to move money all around the world."
ELFCM148,20:30,09:14,45.1,"this point through a relatively recent example. You may remember that a huge storm hit Texas in February, and millions of houses were left without electricity. At the start, Texan politicians blamed renewable energy, saying that they couldn’t cope with the extreme weather."
ELFCM149,27:35,12:27,45.2,"This is, of course, a great oversimplification. Newton was not only a pioneering scientist who set out the basis for much of today’s science but he also showed how you could use scientific techniques to solve problems. He demonstrated how, although Nature may be a puzzle, it can be hard to understand, we could, through scientific methods, gradually"
ELFCM150,25:44,11:28,44.6,"doing their jobs, you actually couldn’t be further from the truth, you couldn't be more wrong. In Britain The Industrial Revolution actually caused a boom in the demand for labour, so that there was an increase in average wages, people were paid more. Before The Industrial Revolution work had been primarily agricultural - most people would work on the land, growing crops, raising animals, and not doing a huge amount else."
ELFCM151,26:12,11:39,44.5,"of the new United States that was based on a very distinctive set of beliefs. Here it is perhaps helpful to revisit some of the ideas of the European Enlightenment from the episode on The Enlightenment. Key figures in the American revolution, such as Benjamin Franklin and Thomas Jefferson, were profoundly influenced by Enlightenment thinking and also by the writings and"
ELFCM152,28:18,12:42,44.9,"relatively peaceful, especially considering what was to come. It was peaceful in terms of bloodshed, there weren’t that many people being killed, but there was intense debate about what sort of society France should become. What place did a monarchy have in the future of the country? What should be done with the king?"
ELFCM153,22:38,10:14,45.2,"For those of you who enjoy old Western or cowboy films, it was Babbage who invented the so-called cow catcher, which is the triangular object attached to the front of a train to clear cows or any other objects out of the way of a train. On top of all his many interests, he was also Lucasian Professor of mathematics at Cambridge University, incidentally the same post held by Isaac Newton,"
ELFCM154,20:34,09:09,44.5,"It had become quite a common thing for film stars to go to Las Vegas for the weekend, and Bugsy Siegel thought there could be an opportunity to capitalise on this, to create luxury hotels and resorts that were available for the masses. In 1940 Siegel moved to Las Vegas, with the purpose of building hotels and casinos for the mafia, investing their illegal money into semi-legal businesses."
ELFCM155,21:25,09:39,45.1,"The view goes that it isn’t your fault that the train is running down the tracks, you aren’t responsible for the death of those five people, and if you flipped the switch to allow the train to kill the one person instead, well you would take some responsibility for that person’s death. If this is how you would think about the situation, let me put a spanner in the works, let me complicate it further by proposing to you an alternative."
ELFCM156,23:16,10:24,44.7,"amazing that these young men were so interested in art and culture, when young people today aren’t travelling for the same cultural reasons, there is another aspect to The Grand Tour that was a big attraction, and expectation, for these young men. These young men were very rich, they had no responsibilities, and were very far away from home, and from anyone they knew."
ELFCM157,20:26,09:11,44.9,"answer depends on who you speak to, and how much the price rises. There are many instances in history of hyperinflation, when the price rises at an uncontrollable level, and that is undoubtedly a bad thing. You are probably familiar with the examples of Weimar Germany, of Zimbabwe, and more recently, of Venezuela."
ELFCM158,25:56,11:38,44.9,"international crusade for left-leaning writers and thinkers of the time. Orwell, like his fellow writer, the American Ernest Hemingway, headed south to join the anti-Franco forces, the Republicans, in their fight against Franco‘s fascists. It was not just his experience fighting at the front and being wounded with a bullet through his neck that influenced him so greatly, but it was perhaps above all his experience"
ELFCM159,20:05,09:04,45.2,"never actually get back the cost of filing the patent. I can remember a colleague from an early job who was convinced that he had invented an amazing way to stop the wires for your headphones getting tangled in your pocket. He spent thousands of dollars on a patent, and I don’t think he ever sold a single set of headphones."
ELFCM160,25:33,11:29,45.0,"In America, the civil rights movement had been going on for almost 20 years. African Americans had been fighting for equal rights and had been struggling against systemic racism in the U S. The podium for the 200m race was to become a centre of political demonstration, and the scene of probably the most iconic photo in Olympic political history."
ELFCM161,21:23,09:40,45.2,"world has a large overlap with a list of ex-British colonies. It’s currently New Zealand, Australia, India, England, South Africa, Pakistan, Bangladesh, The West Indies, Sri Lanka and Afghanistan. It might sound like a strange game to have become so popular. You do need a large space to play it, it takes quite"
ELFCM162,25:47,11:37,45.1,"Some of these words you won’t find in common usage, but there are hundreds of them that you probably know already. Critic, Bedroom, Birthplace, Fashionable, Lonely, Traditional, the list goes on. Now, you might be thinking, hang on, if he invented so many words, how did people understand what he was saying?"
ELFCM163,20:13,09:03,44.8,"remind you about some of the most startling, the most surprising, discoveries. The first thing to mention about what they discovered is actually what they didn’t discover. They didn’t discover bodies, but instead discovered holes in the solid ash layer. You might think, hang on, I thought I had seen bodies of people in Pompeii...who were these people then?"
ELFCM164,22:25,10:01,44.7,"from a New York property developer, but shortly afterwards the numbers were in the hundreds of millions and then the billions. WeWork was flying high, and burning through money, it was spending far more money than it made. By 2016 it was not just a unicorn, the term given by investors to a startup valued at over a billion dollars, it was now a decacorn, a company valued at over $10 billion."
ELFCM165,20:39,09:13,44.7,"and Jeffrey Skilling was hired to start something called Enron bank. Skilling’s other major suggestion to Enron was to switch the way it did its accounting. Enron had previously used a straightforward, simple way of accounting. If it bought or sold oil or gas, or was paid for transporting it, these numbers would be added to its accounts."
ELFCM166,23:17,10:35,45.5,"She had managed to recruit some very influential people to be investors and board members, including two former US Secretaries of State, one being Henry Kissinger, a former and a future US Secretary of Defence, as well as other grandees, other important people from corporate America. They were almost all old men with no medical background who were completely captivated by this young, brilliant, entrepreneur."
ELFCM167,19:46,08:54,45.0,"bought and sold, but the reality was that they hadn’t bought or sold anything. When writing these reports, he would look back at the share prices from a few days before, then choose the shares that had increased in price, and say that he had bought those ones. If investors wanted to take out their money, this wasn’t a problem for Madoff, because he would just take this money out of the bank account."
ELFCM168,19:28,08:52,45.6,"him with a gift of pepper that weighed 50 lb in weight, or 23 kilos. You might think that a gift of 23 kilos worth of pepper wasn’t a great gift, but this was incredibly valuable, pepper was incredibly expensive compared to what pepper costs today. To give you an example of the change in cost and therefore affordability of pepper, here are some examples of how much it cost in terms of labour,"
ELFCM169,28:40,12:53,45.0,"Probably the most noticeable aspect of Mormonism to non-mormons is the missionary element. Young Mormons, typically in their late teens, are strongly encouraged to go on missions to help spread the word of the church, to try to convert people to their faith. Pairs of young boys or girls are sent to different areas, to all different parts of the world, for a period of two years for boys, or 18 months for girls."
ELFCM170,27:40,12:26,45.0,"restrict medicine to trained professionals, for very good obvious reasons. But L.Ron Hubbard realised that there was another category that didn’t need to provide evidence. Religion. If L.Ron could turn Dianetics from a medical procedure into a religious organisation, it wouldn’t be required to demonstrate its efficacy, it wouldn't be required"
ELFCM171,21:27,09:35,44.7,"of devout Catholics, Protestants, Muslims or Jews who have experienced similar family breakups when a child or sibling decides to leave the religion. When it comes to Scientology though, leaving is even harder. If someone looks like they are going to leave the church of Scientology, they are labelled a Suppressive Person, and the church will reportedly"
ELFCM172,24:11,10:52,45.0,"run that tinned food is a deadlier weapon than the machine gun."" This was for the average person in Britain, but for the richest in society it was a different story directly after the French Revolution. As you will have heard if you have listened to the episode on the French Revolution, the French aristocracy suffered considerably during these bloody years; some, like the King, literally"
ELFCM173,21:45,09:48,45.1,"Being impartial is a lot harder than some people think. It means not expressing opinions, it means concealing what you actually think about something, even if you might have a very strong opinion, you are not allowed to show it. It also means allowing different opinions to be aired, different opinions to be shown from the entire political spectrum, left to right."
ELFCM174,21:59,09:55,45.1,"tiny amount of time compared to the status quo, to the normal way of doing it. It’s also thought that 3D printing will completely revolutionise the global manufacturing supply chain. If we take the example of a British car manufacturer, it currently buys parts for its cars from different factories all over the world."
ELFCM175,17:20,07:48,45.1,"are only a few things that we know for sure are likely to help us live longer, healthier lives. The good news is that I'm sure you already know them, and they are pretty easy and affordable to do. Don’t smoke, take regular exercise, and eat healthily. But even doing this, one day our bodies will decide that our time is up. A recent study published in a journal called Nature Communications suggested"
ELFCM176,24:11,10:48,44.7,"It might have only been a metallic ball, but what it represented was of huge importance. If the USSR could launch a satellite into orbit, and it now had atomic weapons, then nowhere was safe. This sparked what has come to be known as the Sputnik Crisis, a period of self-reflection in the US where it wondered where it had gone wrong."
ELFCM177,16:14,07:18,45.0,"White, and Roger Chaffee were killed in a fire during a routine test. White had been the first American to walk in space, a couple of months after his Soviet counterpart, but along with his two fellow astronauts he was trapped inside their spaceship and killed in a fire. Then, on April 23rd, 1967, Vladimir Komarov became the first astronaut, or cosmonaut as he is called in Russian, to be killed on a space mission, when his parachute failed to open properly"
ELFCM178,19:24,08:48,45.4,"It has done this mainly by developing reusable rocket technology. You may have seen clips of the Falcon rocket, the SpaceX rocket, returning to Earth, where it can be refurbished, and then reused, which of course results in a large cost saving. These companies don’t exist for the public good, of course. They exist to make money."
ELFCM179,26:34,11:59,45.1,"In retrospect, he had the vision to see what was happening: that the two prominent European dictators who had come to power in the 1920s, so, Adolf Hitler in Germany and Benito Mussolini in Italy, they were building up their armies, navies and air forces. Churchill, who had learnt to fly in the early years of aviation, was a particularly strong campaigner for Britain to build up its air force."
ELFCM180,29:19,13:15,45.2,"he had a sense of history unfolding - and of the most terrible, imminent and worrying danger. The policies of the Western democracies had failed dramatically: disarmament and appeasement had proved to be disastrous. The cynical and brutal tactics of Adolf Hitler in particular appeared to be effortlessly successful. Churchill, having opposed disarmament and appeasement and spoken out strongly in favour of the"
ELFCM181,24:17,10:56,45.0,"A gallon is just under 5 litres. We have no way of knowing for sure, but it is highly likely that this liquid appreciation was in recognition of Chaucer‘s talents as a poet. Even today, the poet chosen by the monarchy as the official poet is paid in liquid form – a barrel of something called sherry, a barrel is about"
ELFCM182,22:48,10:16,45.0,"when the 2007 financial crisis came he reported that he lost almost all of his money, going from a fortune of around $100 million to just $4 million. And it was after the financial crisis that things started to reach new levels of crazy. He moved to Belize, the tiny Central American country between Mexico and Guatemala, in 2008. He bought up a large plot of land, but claimed that he was being"
ELFCM183,23:01,10:15,44.6,"The second stage involves improved living conditions, including better access to healthcare and sanitation, therefore child mortality decreases, and more children survive, leading the population to increase dramatically. The third stage is that families realise that they don’t have to continue to have lots of children, because most are surviving, so there are fewer"
ELFCM184,26:14,11:45,44.8,"Although there are plenty of examples of banning books in the few hundred years after Gutenberg’s printing press, we are going to focus on the past 100 years or so, and look at banned books in the 20th and 21st centuries. The different reasons for banning books tend to overlap, but I have separated them into four categories: political, sexual, moral and religious."
ELFCM185,19:35,08:48,44.9,"Holden Caulfield smoked, he tried to order alcohol at a bar, despite being underage, he tried to hire a prostitute, he skipped school, he lied, he behaved in a way that was contrary to good American values. And so, so the argument goes, he was a bad example and teenagers shouldn’t read his story. If you have listened to the last episode, episode 183, on Banned Books, you will"
ELFCM186,23:12,10:31,45.3,"back to them, and one drew his sword, ready to attack Wallace. Wallace wasn’t armed, he didn’t have a sword, but he managed to hit one of the English soldiers with his fishing rod, snatch his sword, and killed two of the other soldiers. This incident has actually given the name to a Scottish plant, a “Bickering Bush”. To bicker means to argue, and legend has it that this"
ELFCM187,24:25,10:54,44.7,"treacherous young man, called Henry Stuart, Lord Darnley. If you’ve noticed that he shares the same surname as her, well done, good spot. Yes, you are right, he is her cousin. He is a very beautiful man and he and Mary make a lovely couple as they dance together, but, along with his many disadvantages listed above, he is promiscuous, bisexual, and power-hungry."
ELFCM188,29:17,13:07,44.8,"Most of the soldiers in the army weren’t professional soldiers, they were farmers, essentially. They were not expecting to go on a long military campaign, and they needed to get back home for the harvest. The soldiers also knew that the Government forces were determined to seek revenge for the humiliating defeat at Prestonpans, and to crush the Jacobite cause for good."
ELFCM189,21:49,09:55,45.4,"Now, he wasn’t using the phrase to describe how amazing America was, but was using it in the context of the fact that there was nothing “exceptional” about America that would mean that it could resist socialism. In that, he was wrong of course, at least at the time, but he did help bring back the phrase into popular usage."
ELFCM190,22:09,10:02,45.3,"gun usage and limit gun control in the United States. Broadly, this can be put into five main categories: Firstly, political lobbying. The NRA is one of the most powerful interest-groups in Washington DC, and it works hard to persuade politicians to support gun rights at every level of government."
ELFCM191,21:44,09:36,44.2,"but a lottery that would take years for you to figure out whether you had won or not. You would plant the seeds, then wait typically six years or more before the tree even started producing fruit, and only then would you be able to taste it and see whether it was any good. Now, although apple growing was popular almost from the day the pilgrims first set foot on the continent, there is one man who has forever gone down in history for his association"
ELFCM192,26:50,12:00,44.7,"the early days of Wikipedia, there was no review process - anyone could write it. This has its own share of problems, which we’ll come on to discuss a bit later, but the “open source” nature of Wikipedia meant that it grew significantly faster than its big brother, Nupedia. Wikipedia was founded on January 15th 2001, and within three months there were 3,900 articles. The more articles it had, the more Wikipedia pages appeared as results on search engines, so the"
ELFCM193,24:32,11:00,44.9,"But, factions, different groups, were arising. Specifically, one group led by the gaul Crixus, a group of around 30,000 men, decided to stay behind in central Italy while Spartacus moved north. The Roman forces managed to catch up with Crixus, and by this time they were better prepared. Crixus and his men were slaughtered."
ELFCM194,18:19,08:15,45.1,"Student debt was out of control. Global warming was this huge existential threat. And the situation was getting worse and worse. There was this general agreement that something had to be done, but no agreement about what it was, other than to scrap the entire system and start afresh."
ELFCM195,17:38,07:57,45.1,"paintings for a thousand euros, you can now sell them for 50,000 euros. A gallery would still want its commission. It might be a little bit less than 50% now, but let’s say you negotiated well you might get €30,000. Your early fans, people who believed in you from the beginning, can sell your early works for 50,000 euros."
ELFCM196,27:44,12:24,44.7,"The majority Spanish sailors did not appreciate being under the leadership of a Portuguese captain. Although Magellan had been granted Spanish citizenship, and was undertaking this mission on behalf of the Spanish king, he was still Portuguese. And the Portuguese king, when he found out what Magellan had done, was furious, and sent Portuguese ships to follow Magellan as he sailed south."
ELFCM197,23:21,10:31,45.1,"He started off his career working as something called a footman, a man whose job was to follow and protect the carriage of a wealthy person. Footmen were normally chosen because of their physical attributes. They needed to be strong, so they could help people in and out of the carriages, and push or pull the carriage if it got stuck in the mud."
ELFCM198,26:26,11:55,45.1,"As news returned to England, the king was furious. Kidd was a wanted man, and eventually he was lured, he was tricked into returning to New York, whereupon he was arrested, sent back to England, and hung. As a warning to other and future pirates, Kidd’s body was left hanging on the edge of the river Thames."
ELFCM199,26:42,12:02,45.1,"You probably know the painting, you've probably seen Edvard Munch's The Scream. Munch actually did four versions of the work, two in paint and two in pastel. Both of the paint versions have been stolen. The first version was stolen in 1994 from the National Art Museum in Oslo, just before Norway was set to host the 1994 Winter Olympics."
ELFCM200,23:45,10:42,45.1,"Of course, this would often take some time, so he would start turning the screwdriver, then Kleinklaus would hear someone coming and cough, Breitweiser would move away from the object, and only return to it when the person had left the room. He would purposefully choose smaller, less popular museums, and less famous works of art. Fewer people meant the actual theft was easier, because it was more common to find a room empty."
ELFCM201,24:20,10:56,45.0,"Secondly, his behaviour on the night shortly before the robbery was suspicious. After walking around the gallery he went to a side door, a door to the street, and opened and closed it. Why? Was he signalling to the thieves who were waiting nearby?"
ELFCM202,22:40,10:10,44.9,"Stories were printed by the Nazi propaganda machine portraying Jews as an obstacle in the way of a united Arian population, and at the same time stories were suppressed, they were hidden, about the atrocities that were being committed as part of the Holocaust. It’s hard to find a group in recent history that better understood the power of manipulating the media, and with more tragic consequences, than the Nazis."
ELFCM203,28:01,12:41,45.3,"almost 100 year period of what historians have called a “splendid isolation” from Europe. And although the First World War ended after four years, this was only really a temporary hiatus, with the eventual peace in Europe only coming in 1945 at the end of World War II. Let’s reflect quickly on the importance of the world wars for the British relationship with Europe, before moving on to what this all means."
ELFCM204,19:53,08:54,44.8,"And the Remain campaign also had people from across the political spectrum, many of whom were there somewhat reluctantly. Not least the leader of the Conservatives, David Cameron, and the leader of Labour, Jeremy Corbyn. Both had expressed Eurosceptic views in the past, and both were fierce political enemies and clearly disliked each other, so it was not particularly convincing."
ELFCM205,24:59,11:16,45.1,"responsible for this disruption, and there is a distinct lack of agreement. Naturally to the proponents of Brexit, to those who supported leaving the EU, it is very convenient to blame the UK’s economic problems on COVID, not Brexit. And to those looking to score political points against the Brexit-voting leadership of the UK, it is very convenient to blame Brexit."
ELFCM206,26:15,11:48,45.0,"Welsh words for “cor”, meaning dwarf, or very small, and “ci”, meaning dog. So “corgi” just means “dwarf dog” in Welsh. In any case, the Queen loves them, and has had over 30 different corgis over the course of her life. They are, reportedly, not very well behaved, and run all over Buckingham Palace, sitting on the sofas and generally causing trouble."
ELFCM207,20:38,09:21,45.3,"Firstly, you have to physically build a parking space, they aren’t made from nothing. For an on-street parking space in the US it is estimated to cost around $1,750 to build it, and then another $400 to maintain every year. Off-street parking spaces are even more expensive, as you have to either dig underground or create entire buildings for them, and the sky's the limit for how expensive they can get."
ELFCM208,22:52,10:21,45.2,"actor who played James Bond in the TV adaptation of Casino Royale in 1967. They all have their different quirks, their different characteristics, and the actors interpreted the character of James Bond differently. Roger Moore, for example, who played 007 from 1973 until 1985, for a total of 7 movies, played a slightly comical, tongue-in-cheek Bond, one who cracked jokes and was never particularly serious."
ELFCM209,27:29,12:28,45.4,"with the understanding that she would benefit from it if he were successful. When Drake returned three years later with a ship full of gold and riches, he donated half of it to his queen, which was thought to be enough money to pay off the national debt at the time. Indeed, this tension is something that you can still see today in London. The city may have swelled, it may have grown so big that Westminster and The City are"
ELFCM210,20:41,09:17,44.9,"For example, an “h” was put into various words, resulting in the modern day spellings of ghost, ghastly and gherkin [which is a small, pickled cucumber that you sometimes find sliced in a hamburger, by the way]. Snobbery, or arrogance, played a part too. With the Renaissance fashion for claiming classical ancestry for words,"
ELFCM211,23:07,10:22,44.9,"Of course, this was hugely disruptive to the operations of the printing business. Carrier created a machine that used a system of fans to blow over coils, small tubes in a ring, which would be filled with cold water. As the humid air moved over the cold coils, water would be removed from the air and the air temperature would fall, so when this air was blown out it was colder than before."
ELFCM212,26:23,11:54,45.1,"and the adult world corrupted the innocence of children. We can see how this is so very different to the original ideas of childhood, and even of John Locke’s vision, where he suggested that children were blank slates that needed instruction. Now, through the Romantic movement in Britain, childhood became almost holy, a time of innocence, the only time in a human’s life where he or she was completely"
ELFCM213,28:36,12:56,45.2,"Ryanair’s behind the scenes cost-cutting is extensive. It only buys one type of plane, the Boeing 737-800, and it buys this plane in large quantities, which leads to discounts on the price. It means the planes can be customised to be very basic so they rarely need to be repaired, and it means staff don’t need to be trained on how to operate different types of plane."
ELFCM214,20:48,09:31,45.8,"While B-P’s views on gender equality might be something he is criticised for today, he showed progressive views on social mobility, and right from the start made sure that being a Scout was something that should be open to and encouraged for all boys of all social classes. This was certainly not obvious, given the importance of social class in other aspects of British society at that time."
ELFCM215,24:41,11:09,45.2,"right, and that one shouldn’t repress one’s feelings. What’s more, homosexuality, if you were wondering where this is going, homosexuality was illegal in Great Britain, it was literally a crime to engage in homosexual acts. This wasn’t to be an obstacle to Oscar Wilde. It’s not clear exactly when and with whom his first homosexual"
ELFCM216,19:38,08:50,45.0,"1920s, which was followed shortly later by The Second World War. So it was to be in the post-war period, first in the United States but then everywhere else in the world, that the fast food boom really got going. It all started, really, with two brothers, Richard and Maurice. You might be able to guess their surname, McDonald."
ELFCM217,20:37,09:11,44.5,"people waited to get a glimpse of what western capitalism looked like. There’s a funny video from this day where a journalist interviews people waiting in line - several of them don’t know what everyone else is queueing for, they just saw a line and joined it. And in fact just to work at McDonald’s, which is now not the most desirable job in the world, there were 25,000 applicants to work at the Moscow location when it announced it was hiring."
ELFCM218,15:43,07:01,44.7,"service, and it also got customers used to the idea of ordering restaurant food to eat at at home, especially from apps such as Uber Eats, Deliveroo, Glovo, GrubHub or any of the hundreds of other options that have emerged. Many of these options already existed before the pandemic, but it was a trend that was accelerated by COVID."
ELFCM219,30:22,13:40,45.1,"Britain dyed their bodies blue, but they also associated blue with mourning and misfortune. Blue‘s rise to prominence is associated with the rare and precious rock, lapis lazuli, from which you could create the powerful, intense deep blue colour of ultramarine. Prior to the 18th century, this magical stone, this lapis lazuli came from a single source in the mountains of Afghanistan."
ELFCM220,23:03,10:22,45.0,"them up, usually in the case of the Birmingham sloggers, with fists and the large buckles of belts. was in the 1880s that we first started hearing about a gang of sloggers that calls itself the Peaky Blinders. They weren’t sophisticated criminals, they didn’t have sprawling criminal empires and alliances with other gangs."
ELFCM221,26:04,11:41,44.8,"position to sell and distribute alcohol, making vast profits in the process. Business was good, and Torrio and Capone started to grow rich, but they were not the only crime gang in town. There were feuds with other Chicago crime gangs, both Italian and Irish, and after several attempts on his life, Torrio decided that he wanted out of the world of crime, he wanted to retire."
ELFCM222,23:46,10:36,44.6,"or where people convicted of minor crimes are held, and a “prison” is the place where more serious criminals are held after they have been sentenced. So, Dillinger was in jail, awaiting trial. When he had been arrested, police had searched his pockets and found a map that looked like it was a map of a prison, it looked like it was a plan for a prison escape."
ELFCM223,21:56,09:45,44.4,"and me and my brother ruled London. We were fucking untouchable…” The Krays were now, at least to much of the outside world, respectable businessmen. They were nightclub owners, and they soon opened up several other nightclubs, again in Soho and the West End of the city,  crucially far"
ELFCM224,24:09,10:52,45.0,"In 1700, 13% of the population lived in cities, in 1800 it was 21% then by 1900 it was 41%. Understandably, if it seemed inevitable that society was becoming urban, people wondered what these cities of the future would look like. You’ve probably seen artists' impressions of cities of the future having flying cars and trains in the sky."
ELFCM225,21:21,09:40,45.3,"Skripal had been a double-agent for the British, he had been passing information to the British secret service in the 1990s, and had spent six years in Russian prison before being allowed to move to the UK, where he lived a very quiet life. When Skripal and his daughter were poisoned, the finger was immediately pointed at Russia, and really, to the man at the top, Vladimir Putin."
ELFCM226,18:08,08:14,45.4,"when he was not yet 18 years old, he moved to Seattle. The story goes that he asked a friend what city in the United States was furthest away from where he was, in Tampa, Florida. His friend took out a map and drew a line all the way across, getting to Seattle, on the far north-west of the country."
ELFCM227,17:35,07:49,44.5,"shows a year, well, having black clothes probably does make a lot of sense. Or there’s another theory that he wore it out of solidarity for the American soldiers who had died in the Korean war. Or it might well have been because of black’s association with sin and bad behaviour, and sin was something that Johnny Cash was becoming increasingly familiar with."
ELFCM228,31:42,14:15,45.0,"And he was obviously quite good at the guitar, but nothing he did on the guitar was revolutionary. Elvis’s talent and appeal came from Elvis Presley the performer. He looked and acted the part. He was an incredibly handsome young man, and had an amazing presence. It was, therefore, perhaps no surprise that both he and his manager thought"
ELFCM229,21:37,09:39,44.7,"Christian heaven where believers could live a true, honest life. So, what happened next? Well, it didn’t last for long. A US Congressman named Leo Ryan came to investigate in 1978, after receiving pleas from concerned relatives of members of the cult."
ELFCM230,25:30,11:31,45.2,"This increasing abuse of OxyContin led to both a black market in the drug and the growth of so-called “pill mills”, doctors’ clinics that were happy to provide prescriptions to anyone even if they didn’t medically need them. But even if these pills were bought on the black market, from a pill mill or from another unlicensed individual, prescription opioids weren’t cheap."
ELFCM231,24:37,11:11,45.5,"Then another 15% is sponsorship and advertising. With over 400 million Formula One fans around the world, there are a lot of eyeballs on races, and so Formula One can command high prices to advertisers to sponsor it. And there’s another final category, a fourth category, of other miscellaneous revenue. Formula One has exclusive clubs and areas at each Grand Prix, it makes money from transporting"
ELFCM232,29:24,13:05,44.5,"Like any war it involved a tremendous amount of destruction, death and suffering. As with any civil war, it divided communities and families, even setting brother against brother, father against son. Whereas some civil wars, the Spanish Civil War, for example, set different social classes against each other, the first English Civil War did not"
ELFCM233,18:33,08:16,44.6,"by contaminated water, it isn’t something you get through bad smells. The water was still filthy, and the sewers leaked into the drinking water, and there were continued outbreaks of cholera. Then in the summer of 1858, in fact only a month after the death of John Snow, the city was hit by a heatwave."
ELFCM234,22:38,10:22,45.8,"and given that we don’t live in the Middle Ages now and they aren’t going to be killed in battle or die from disease, there simply isn’t the need to have so many official members of the royal family, we don’t need to have all these “back-ups”. Secondly, because it is clear that the more official members of a family you have, the more chance there is of one doing something wrong and reflecting"
ELFCM235,22:12,09:52,44.4,"they went relatively unnoticed, at least by the American public. The robberies were small, and they were far from the only criminals who had killed policemen. This, remember, was the era of the bank robber. John Dillinger, who you can hear about in episode number 222 by the way, John Dillinger was in full swing, and there were plenty of hardened criminals robbing"
ELFCM236,26:49,12:03,45.0,"transcripts and the key vocabulary in the same way as this one does. So, you can follow the tips I’m about to provide without these learning materials, but you will learn more quickly with them. So, let’s get into it. You’re sitting down at your desk or kitchen table, you have"
ELFCM237,22:59,10:24,45.3,"And of course, pubs changed their name in his honour. Our third pub is one whose name has an interesting story, and in which many no doubt fascinating conversations have happened: The Eagle & Child. Let’s start with the story of the name of the pub. It is thought to go back to the 14th century, a time where especially noble"
ELFCM238,22:04,09:57,45.1,"Sugar is being exported from the Caribbean, after having been produced in plantations filled with slaves taken from west Africa, who were bought from European slave traders with wool and metal goods. The sugar then makes its way back to Britain, where it is drunk with a leaf exported from China. It is quite horrific to think about, and this is evidently a"
ELFCM239,18:41,08:24,45.0,"Gone was the long hair, with the young men all now cleanly shaven and with tidy, short haircuts. They now bowed on stage, and they stopped smoking, eating and drinking during performances. They became a respectable, tidy group of polite young men. The group’s fortunes soon started to change. Epstein’s reputation as a manager of an important record store"
ELFCM240,24:08,10:49,44.9,"He was, at the heart of it, someone who loved doing speeches and making people laugh, but when it came down to the business of actually running the city day-to-day he was slightly bored of it. Now, there were some successes that happened under his leadership of London when he was mayor. The London Olympics was a resounding success, he implemented a cycle share scheme, the so-called “Boris Bikes”, so it was by no means a disaster."
ELFCM241,19:14,08:41,45.2,"However the Greeks were so fixated on this belief that many simply didn’t believe Pytheas. Historians now agree that Pytheas’s voyage did take place, and that he was not lying. The only problem, and this is a pretty big problem, is that we have no original record of his trip. The records we have are all secondary or tertiary records, records from some people who read the original text, the original “On the"
ELFCM242,25:34,11:33,45.2,"which would have made the whole ordeal much more traumatic. Of course, it wasn’t all bad. For many inner-city kids, the evacuation meant seeing the countryside for the first time. The thought of playing in the fresh air, seeing farm animals, and three square meals a day excited many who just thought it would be a short holiday."
ELFCM243,24:37,11:06,45.1,"Of course, the Concorde boasted incredibly powerful turbojet engines, and this combination of slim design and absurd amounts of power allowed it to sustain its incredible speed of Mach 2 — almost 2,500 km an hour. The Concorde also flew so high that passengers could look out the window and see the earth’s curve. It flew this high because the higher you go up, the lower the air pressure becomes, so there"
ELFCM244,26:26,11:50,44.8,"Makri, for whom he wrote a poem about and attempted to buy for £500. As a reminder, at this time Byron is 22 years old. They say travel broadens the mind, and it certainly impacted Byron’s poetry. He wrote a semi-autobiographical poem, full of regret about wasting his youth in useless vice and sin, but having a chance to reform and transform through pilgrimage."
ELFCM245,23:03,10:17,44.6,"Forest, only to be killed by the Prioress of Kirklees. The prioress is, in fact, a relative of Robin Hood. She rather gruesomely lets him slowly bleed to death when he seeks medical treatment at her priory. Now, this is a very basic summary of the earliest surviving text about Robin Hood, but we can already identify plenty of clues that can help us to narrow down our search for"
ELFCM246,21:25,09:38,45.0,"goods there, and return to Cornwall, and then import them without declaring it to the authorities. By all reports, this type of smuggling was so tolerated by the Cornish people that it wasn’t really considered to be illegal or immoral at all. The tax was unjust, it was wrong, and the smugglers were simply providing a service. The smugglers played an important part in the local economy, and they"
ELFCM247,18:43,08:30,45.4,"conspiracy theories, and there was growing distrust in the US government. While only 10% of Americans said they believed in conspiracy theories in 2001, that number had almost quadrupled to 36% by 2005. The country was growing increasingly weary of the war in Iraq, President George Bush was increasingly unpopular, and the theory that there might be"
ELFCM248,24:34,11:12,45.6,"After the Magnetic North Pole was located in 1831, the race was on to find the Magnetic South Pole, with British, French and American scientific naval exploratory parties charting large sections of the Antarctic coast. The approximate location of the Magnetic South Pole was identified but at the time it was over land and therefore inaccessible by boat."
ELFCM249,19:58,08:57,44.8,"In 1627, Bacon wrote a book called ‘New Atlantis.’ In the book, Bacon imagines a world of human invention and discovery, where science plays a major role in society, and there are machines that sound very much like modern aeroplanes and submarines. But the idea of utopia wouldn’t be forever limited only to theory, only existing in people’s imaginations."
ELFCM250,24:05,10:50,45.0,"published a story that erased that doubt altogether. The headline, printed on the newspaper’s front page in big, bold letters, read: ‘Cigarettes Peril Health, U.S. Report Concludes.’ Peril, by the way, means harm, causes danger to."
ELFCM251,23:54,10:42,44.8,"Boudicca summoned the client kings and leaders of the other tribes. All of them had faced one injustice or another at the hands of Romans. They agreed to follow Boudicca as their queen in a rebellion against the Romans. Many of the tribes had actually been stockpiling weapons in secret and they now planned an attack. The Romans were completely unprepared for this, both mentally and strategically."
ELFCM252,19:56,08:59,45.1,"Fish and chips. Again, we did one very early episode on this, it’s Episode number 17, but here is the abridged, the concise, version. A bit like the sandwich, the origin of fish and chips is shared between the Jewish community and Britain."
ELFCM253,25:33,11:29,45.0,"So, where does Machiavelli’s most famous work, The Prince fit into all of this? What is The Prince actually about? And why are we still reading it today? The Prince, in Machiavelli’s own words, is a discussion of the conduct of great men and the principles of princely government."
ELFCM254,21:13,09:30,44.8,"The word for this Scandinavian duel, this Viking duel is thought to have come from the Old Norse word for a small island, holm, so “holmgang” means “going to the holm.” The holms were a controlled space where both opponents would step into a small fenced off square. They would then take turns to hit each other, normally with a sword or an axe. They were allowed shields, and each person had a ‘shield bearer’, a person who would"
ELFCM255,21:43,09:49,45.2,"You can’t do anything with a pig tail, they were simply thrown away. But ever since the army started offering $40 per tail, meat processing plants had started receiving calls from local people offering to buy as many tails as they could get their hands on. Indeed, it was common knowledge that the “market value” of a pig tail was now not $0, it was $40, and a mini black market started to emerge for pig tails."
ELFCM256,18:53,08:32,45.2,"There’s a phrase in English which is “out of sight, out of mind”, meaning if you can’t see something you don’t think about it, and there is probably no more appropriate use for it than our attitude towards burying rubbish in landfills. Another potential destination for this mixed waste is the incinerator, where it is burned and turned into electricity."
ELFCM257,22:53,10:13,44.7,"The electric pen was actually a basic, early, but not very effective version of the photocopier. It did seem like magic, though, and was just the start of Edison’s prolific career as an inventor. Indeed, Edison was the first person to take the idea of being an inventor to a completely new level. He wanted to industrialise the process of invention, and in 1876 he set up an “invention factory” - his innovative research and development facility, called the Menlo Park Laboratory."
ELFCM258,27:07,12:09,44.8,"a listen if you’d like to know more about this eccentric but brilliant man. Tesla had been fascinated with electricity since he was a child, and had long been working on a plan to improve the DC motors that he had studied at university. He was a bit younger than Edison, 9 years younger to be precise, and had started working for Edison’s company first in Paris, and then when he emigrated to America as a 28-year-old."
ELFCM259,24:39,11:03,44.9,"mechanics and literature seemed to me like a mockery”. However, word had already got out that Tesla was onto something with his AC powered motor, and before long companies started knocking at his door. A wealthy businessman called George Westinghouse would be the partner, or perhaps even client, that Tesla had been looking for."
ELFCM260,24:18,10:57,45.1,"So Kogan wasn’t doing anything illegal, and indeed he was doing what practically every other Facebook app was doing. Ok, so with those clarifications out of the way, let’s return to our story. You might be thinking, what is Kogan actually getting out of all of this? Was he really a Russian agent, was he a closet Trump supporter, did he want to wreak"
ELFCM261,25:39,11:35,45.2,"own beer at home purely for personal consumption were suddenly criminalised, they were outlaws. On a more organised level, Prohibition created an environment where the production, transportation and sale of alcohol suddenly became an incredibly profitable activity. The 1920s gave rise to criminals such as Al Capone, whose primary source of income was the bootlegged alcohol trade."
ELFCM262,17:10,07:45,45.1,"There is a huge amount of detail in the books, from the names and recipes for magic spells through to prices of goods in shops. It’s also pretty long, at 223 pages. So, when Rowling tried to send it out to publishers, as you may well know, it was not immediately snapped up, it wasn’t an immediate hit."
ELFCM263,18:02,08:05,44.8,"that kids around the world were experiencing at the same time as their magical hero. Not only that, but the series also notably touches on real-world issues like prejudice and inequality, introducing kids to subjects that they might not have encountered before. Even in the wizarding world not all witches and wizards are treated equally; those with non-magical relations, for example, are called ‘mudbloods’ — which,"
ELFCM264,22:46,10:12,44.8,"After Prohibition ended in 1933, and alcohol was suddenly legal again, Lansky and his other mob colleagues needed to find another way to make money. Illegal money, of course, as making money legally is just… well, it's hard and boring. For Lansky, this would be gambling, which was still illegal He had experience from his school day street corner gambling games and his"
ELFCM265,20:36,09:19,45.2,"used to it, typically costs just a few dollars, the same price as a cup of coffee. There are several effects of the drug being so cheap, effects that you will no doubt be able to anticipate, to guess. Firstly, it has increased the demand for it. As it’s so cheap, people can afford to take it frequently, and having"
ELFCM266,19:12,08:40,45.2,"As the city’s homeless population grew, so did the problems that are so often associated with homelessness: drug and substance addiction, crimes committed to pay for drugs, people living on the pavements in tents, not having adequate toilets, bathrooms and so on. At the same time, the city had voted in politicians and city officials with a more liberal attitude towards the prosecution of petty crime, of low level crime."
ELFCM267,22:35,10:03,44.5,"What developments have been made as a result of the science behind cloning Dolly the sheep? In other words, why was Dolly so important? As we discussed earlier, cloning mammals was certainly not new. What made Dolly’s case so special was that an exact genetic replica of sheep one, a mammal, had been  engineered and brought to life from an adult specialised cell."
ELFCM268,25:02,11:13,44.8,"Rasputin was instructed to spend time with the boy, in order to cure him from this illness. After Rasputin’s visit, where he threw away all the medicine the doctors had recommended and conducted his own treatment on the boy, Alexei miraculously started to get better. As a result of having cured the only male heir to the Russian throne, Rasputin soon became the royal family’s most trusted advisor."
ELFCM269,22:00,09:54,45.0,"In general, her novels are about the challenges of making the right choices in life, especially the choices that a young person of her social status might make when it comes to choosing a life partner and proceeding towards marriage. Perhaps this might sound petty, small, or not such interesting material for a novel, but it’s hard to adequately stress the importance of these questions"
ELFCM270,19:11,08:45,45.6,"of 20 years and a similarly dutiful and careful contributor to charities, such as Urania Cottage, the home that he and a wealthy banking heiress, Angella Coutts, set up for prostitutes who were trying to free themselves from their lives as sex workers and start afresh. As for his novels, which is what he is best known for, they cover a very broad range of topics. The early ones are perhaps best known for their comedy, with The"
ELFCM271,23:55,10:40,44.6,"Now, moving on to the education and early careers of the four surviving Brontë children, I need to emphasise that most of their education was through the fertile, creative atmosphere of the Parsonage, their family home. It is perhaps not surprising that their formal education was relatively brief, given the terrible experience that had resulted in the early deaths of the two older sisters."
ELFCM272,22:28,10:06,45.0,"Soon the Command Module would be unable to keep the crew alive in Space, it would very shortly run completely out of power and oxygen. But the Command Module was the only way the crew could re-enter the Earth’s atmosphere. It had a thick heat shield, radios, parachutes and everything else that was required to get back to Earth."
ELFCM273,23:44,10:40,45.0,"that a group of society became named after a particular fashion choice. But another particularly important demonstration or manifestation was in women‘s clothing – the so-called Empire dress, otherwise known as the Empire silhouette. If you think back to any European works of art, or even TV shows or films from the early 19th century, this was the predominant style of dress for women."
ELFCM274,21:06,09:25,44.7,"Gucci’s background was in the family business, which made luggage, suitcases and so on, as well as equipment for horse riders. Soon, Guccio Gucci, helped by his three sons, was branching out. Interestingly, it was an embargo or set of sanctions imposed upon Italy by the League of Nations in 1935 because of Italy’s invasion of Abyssinia–or Ethiopia,"
ELFCM275,20:49,09:21,44.9,"3,000 litres of water to produce the raw materials that went into making that t-shirt. And to put that another way, if you take a five minute shower every day, the amount of water that goes into making the cotton in your t-shirt is comparable to two months worth of showers. Or in terms of drinking water, the amount of water that goes into making your t-shirt, is similar to what the average person drinks in about two and a half years."
ELFCM276,21:28,09:41,45.1,"even fewer undergraduates than Christ Church Oxford at only 600. Here, the record is not so much in prime ministers, although it can name six British ones and five other ones, including the first Prime Minister of India, Jawaharlal Nehru. Trinity College is most famous for its Nobel prize winners. Now, you might find this difficult to believe, but Trinity College Cambridge"
ELFCM277,19:28,08:41,44.6,"To put it another way, if Alaska was a country, it would be the 17th largest in the world. You could fit all of France, all of Spain, all of Germany AND all of Italy inside Alaska and still have a little bit of room left over. Today, it might seem pretty incredible that such a huge amount of land could just be signed over and sold for such little money, especially those of us who are keen"
ELFCM278,22:48,10:13,44.8,"can be safe from too many investigative journalists prying into their business. Now, the second reason for the attractiveness of London was for its hub as a financial centre. Starting really in the 1970s and 1980s, London became a global financial hub. Hundreds of billions of dollars pass through London’s banks every day, and with this growth in the amount of money flowing around came a growth in all of the other kinds of"
ELFCM279,24:58,11:14,45.0,"On the night of 20th June, 1757, almost 150 people, it’s believed, were locked in The Black Hole without any food or water. Perhaps you can imagine what happened next. With no water or fresh air, in the June heat, it’s thought that up to 123 of the prisoners inside died overnight."
ELFCM280,19:53,08:59,45.2,"On a side note, we do actually have episodes on William Wallace, on Guy Fawkes and on the wives of Henry VIII, so if you haven’t listened to those and you weren’t aware that they existed, well they do. But The Tower of London wasn’t just for notable rebels or out-of-favour wives. In the late 15th century the Tower is thought to have become the"
ELFCM281,17:33,07:51,44.7,"more like other Western carbonated drinks, Coca Cola, Sprite, Fanta, and those sorts of things. The pair formed a partnership, with each investing half a million dollars. Each would get a 49% share in the company, with the remaining 2% going to Yoovidhya’s son. The name of the European drink would be a direct translation of Krating Daeng. Its name would be, of course, Red Bull."
ELFCM282,21:21,09:34,44.9,"To commentators at the time, it seemed like a lot of money, even at the lower $100 million mark, but Spotify clearly thought that the bet would pay off, that they would make money from it. So, has it? Well, it certainly didn’t get off to a good start. A major part of Joe Rogan’s appeal was that he was a controversial character,"
ELFCM283,24:55,11:20,45.5,"In the early hours of June 17th, of 1972, a security guard named Frank Wills noticed that there was something fishy going on, there was suspicious activity in the Watergate building, where the Democratic National Committee headquarters were. There was tape put on the locks of the doors, which allowed them to close but didn’t lock. The security guard removed the tape, but when he returned"
ELFCM284,17:33,07:59,45.5,"The scientists weren’t a random, fringe, group. The letter had been drafted by the well-known Hungarian scientist Leó Szilárd, who had been forced to flee Europe to the United States to avoid persecution, as he was Jewish. And the letter was signed by Albert Einstein, by this time a well-known physicist who had already won a Nobel Prize and who was himself in exile in the United States."
ELFCM285,22:53,10:18,45.0,"The order to drop the bomb was given on July 25th by President Truman, but this didn’t mean that it would be dropped immediately. The bomb would be dropped on one of the targets as soon as possible after August 3rd. The reason that there wasn’t a definite date was because the plane carrying the bomb needed to be able to phsyically see its target on the ground."
ELFCM286,18:41,08:36,46.1,"Truman clearly believed that dropping the atomic bomb was the most effective way of ending World War II, but this act has subsequently been criticised as a war crime, an act of state terrorism, and simply unnecessary in winning the war. These arguments, the arguments against dropping the bomb on Hiroshima and Nagasaki fall into three main categories."
ELFCM287,24:03,10:49,45.0,"able to guess, it was transmitted from person to person. That’s right, it was passed from person to person after an infected person died and was eaten by their relatives. Because this disease had such a long incubation period, up to 10 years with no symptoms, many Fore people would have it without knowing, then they would die, then"
ELFCM288,22:02,09:56,45.1,"execution there and be opening my bar without comment at half-past five.” So, what was it about Pierrepoint that made him so good at his job? Some say that he built a reputation for being fast, relaxed, and efficient during his hangings. He was also very good at making sure that the noose was the correct size so that the prisoner had a quick and somewhat painless death."
ELFCM289,22:31,10:11,45.3,"King Leopold’s “Congo Free State” had one of the world’s largest supplies of rubber trees. If you thought this might have been good news for the Congolese people, because their country was rich in this material that was now in high demand, you couldn’t be further from the truth. To meet the international market needs and satisfy his own greed, King Leopold forced the villages to harvest rubber for him, and imposed"
ELFCM290,24:09,10:53,45.0,"The Interpretation of Dreams holds many complex concepts but its key point is that dreams make evident things that are happening in the unconscious, specifically, repressed fears and desires from childhood. It's in this book that Freud also introduced the provocative ‘Oedipus Complex’. The name stems from the myth of Oedipus in Greek mythology, where the"
ELFCM291,25:59,11:48,45.4,"And the 1940s brought more technological advances such as special effects, improved sound quality, and widespread use of Technicolour, first used to the delight of audiences in The Wizard of Oz in 1939. Gone were the black and white silent movies, in were coloured films with special effects, great dialogue, well-known actors and experienced directors."
ELFCM292,28:36,12:45,44.6,"To Stalin, skill in chess could prove the intellectual acumen, the brainpower, of the Soviet people, and particularly their talents for problem solving – the sort of cognitive skills that he thought would help his country overtake the West in its economic and technological development. One of the earliest people who lobbied the Communist regime to back chess, to support chess, was a man called Nikolai Krylenko, a 1917 revolutionary who became a high-ranking Soviet politician."
ELFCM293,26:28,11:52,44.9,"government, could defend itself without relying on American forces. Even the CIA director Bill Burns told the Senate that the withdrawal would only lead to the rise of Islamic extremism in the region again. But on May 1st, the first phase of the operation to withdraw began. Throughout May, the US focused on flying key pieces of military equipment out from the country."
ELFCM294,27:24,12:18,44.9,"After trying to intervene, Johnson and his friends were then themselves beaten; with Johnson so badly beaten that he had a brain haemorrhage. All four of the men, the men who were trying to help stop the original beating, were arrested. When he heard about what had happened, Malcolm X gathered a small group of Nation of Islam followers and went down to the 28th Precinct headquarters police station in Harlem, demanding to see Johnson."
ELFCM295,26:08,11:41,44.8,"and he threw luxurious parties for the wealthy Syrian expat community in Buenos Aires. He also engaged in political discussion and gossip, and claimed publically to have sympathies towards the Syrian Ba'ath Party, and lots of money to donate towards it. The Ba'ath Party would go on to seize power in Syria in 1963, and the connections Cohen made with it during his time in Argentina would further cement his cover story when he arrived in Damascus."
ELFCM296,21:40,09:44,44.9,"comes from his belief that there should only be one religion in Saudi Arabia, Islam. Bin Laden would later teach his followers that the Prophet Mohammed, on his deathbed, said that there should only ever be one religion in Saudi Arabia. By allowing Western troops into Saudi Arabia, no matter whether the intentions were to fight Sadam Hussein, and defend Saudi Arabia, this was going directly"
ELFCM297,23:44,10:40,45.0,"Maurizio would let Paolo independently lead some design work in the company. And the plan worked. Maurizio was able to take Aldo’s place as president. However, just as his professional life took off, his personal one was beginning to crumble, or at least, change."
ELFCM298,21:44,09:43,44.7,"Studies that suggested this were often scoffed at, ridiculed, dismissed, and considered to be errors within data. As such, Callendar’s results were not given much attention. And, besides, the Earth’s warming was still believed by many to be potentially a good thing. Callendar himself claimed that it would prevent what he called ‘the return"
ELFCM299,18:46,08:28,45.2,"success and throughout the 1990s more and more SUV models were released. By the mid-90s the SUV craze was well underway and by 1999 sales of SUV and pick-up trucks in the U.S exceeded regular passenger cars. Eventually, the trend would spread worldwide and between 2010 and 2021, SUV sales increased by 178% globally."
ELFCM300,22:15,10:03,45.2,"They are then ingested by fish and marine animals, making their way through our ecosystems and even into the human food chain when we eat these fish and animals. It’s estimated that a staggering 90% of seabirds now have plastic in their stomachs. And a report by the Ellen MacArthur Foundation claimed that at least eight million tonnes of plastics are leaked into the ocean every year – that's"
ELFCM301,24:53,11:11,45.0,"an H-bomb at the push of a button, the Cold War was heating up. And the weapons stockpile continued to grow. By 1955 the Soviets had around 200 nuclear weapons stockpiled, and the Americans a staggering 2,422. So the 1950’s and 1960’s were an incredibly tense time, with paranoia growing on both sides of the Iron Curtain."
ELFCM302,25:20,11:25,45.1,"And some never make the journey home, since 1911, 16 people have been killed. But as thrilling as setting a load of angry bulls loose in the street is, it’s not exactly bullfighting. It is believed the first Spaniard to kill a bull on horseback in a proper arena was a man named Rodrigo Díaz de Vivar, known as El Cid, in the 11th century."
ELFCM303,27:59,12:41,45.3,"and skirmishes, small battles, to turn into a full-blown civil war. This war, the Rhodesian Bush War or the ‘Second Chimurenga’, was a drawn-out civil war that included many different fighting factions, and lots of death. It lasted for 15 years, from July 1964 to December 1979, and involved brutal, often hand to hand combat and killed tens of thousands of Zimbabweans."
ELFCM304,23:43,10:45,45.3,"‘Ebb and flow’, by the way, basically means something that goes up or down or varies. Well, when economies across the Western world started to fall into recession in the early 1990s, the many Trump Organization businesses also began to suffer. Trump struggled to keep up with his debt payments, the money he owed, which is believed to have gone into the billions; although, as we know from his time in the"
ELFCM305,18:33,08:20,45.0,"century when the ideal soft water supply and a particularly good type of hops were found together on the west side of Bohemia, near what is now the German/Czech border but was at the time part of the Austro-Hungarian Empire. The beer became known in German as Pilsen, and it’s from this that we get the “Pilsner” type of beer."
ELFCM306,19:26,08:38,44.5,"And in 2008 she went fully independent, launching a blog called Running Commentary, which swiftly became the most popular source of news in the entire country, regularly getting over 400,000 daily visitors. As a point of reference, Malta’s population at the time was just over 400,000 people, so imagine every single adult in Malta, plus a good chunk of people outside the country reading"
ELFCM307,17:19,07:50,45.2,"They were not, at least publicly. The investigation continued, with many people, including Daphne’s family, questioning whether much was actually happening at all. There were no public developments, no announcements about any new leads or anyone else being arrested."
ELFCM308,18:56,08:37,45.5,"to the Office of the Prime Minister, he was told to pass on a message to the three men in jail, the DeGiorgio brothers and Vince Muscat, that they would be released from jail soon and they would each be given a million Euros. Theuma starts to think that people at the highest levels of the Maltese political system were involved with the murder, and are involved in the subsequent coverup."
ELFCM309,27:19,12:14,44.8,"Fleet spots the tip of an iceberg, not too far in the distance, and urgently rings the bell. He follows this up with a call to the ship’s bridge, “ice right ahead!”. With great haste, with great speed, the ship is turned and a head-on collision is narrowly avoided. Whilst this may sound like good news, it isn’t, but more on that later. The side of the ship had scraped along the 122 metre"
ELFCM310,20:10,09:10,45.5,"a disease, it has spread”, people especially in rural communities feared that there was a new supernatural killer on the loose, a vampire being a commonly blamed culprit - though, as we will see in part two, there were instances of this being blamed on werewolves, as well. The villagers would dig up the dead bodies, they would see the purge fluid, they would think that this was proof that the person had drunk the blood of"
ELFCM311,21:38,09:47,45.3,"accounts discussing the real-life existence of werewolves, too. As early as 425 BC, the Greek historian Herodotus tells of a tribe of magical men, the Neuri, who transformed themselves into wolves for several days of the year. As you might expect, historians now believe that there was a perfectly logical explanation for this: the Neuri lived near Russia, in modern day Belarus, and their"
ELFCM312,24:09,10:51,44.9,"It is estimated that over 16,000 people in Europe were executed as witches between the years of 1300 and 1850. Many thousands more were accused and tortured and likely died during torture or in prison. And it was the Malleus Maleficarum, this book that laid out the basis for these accusations, and it was also this text that firmly established the identification of women with witches."
ELFCM313,24:18,10:56,45.0,"be used to defend against any criminal charges, should torture happen. In plain English, the US was essentially saying that, at Guantanamo, anything goes. American laws didn’t apply, nor did the Geneva Convention. And Guantanamo has had its fair share of scandals and controversy over the years, as you will know. The British newspaper The Independent reported that the guards in Guantanamo used"
ELFCM314,23:23,10:35,45.3,"his routine until someone grabbed him and put the fire out. The accident left Jackson with second-degree burns to his scalp, and he had treatment - including a nose job - to hide the scarring, to hide the damage from the burns. It was around this time that rumours began to swirl around Hollywood that Jackson was lightening his skin through chemical treatment, that he was changing the colour of his skin."
ELFCM315,22:29,10:08,45.1,"Chambers claimed he first met Hiss in the summer of 1934 in a Washington restaurant. They were introduced, Chambers said, by a man referred to as J. Peters - someone Chambers claimed was the head of a Communist spy ring working in the United States. Chambers even claimed that Hiss knew him by his communist party name, Carl. Chambers, who had become a determined anti-Communist after leaving the Communist"
ELFCM316,23:06,10:22,44.9,"The man was Sheikh Fahad Al-Ahmad Al-Sabah, a Kuwaiti Prince but also a key figure in the Kuwaiti football association. He made his way down from the stands. Again, he ordered all his players off the pitch, and argued furiously with the referee and officials."
ELFCM317,23:47,10:45,45.2,"as the privilege of voting was reserved for only some male citizens. Women in Roman society were not permitted to vote at all, nor could those men who were not classed as Roman citizens, such as slaves or criminals. So, how did it work for those deemed worthy enough to have a say in the democratic system? Well, although we are talking about over 2,000 years ago, the"
ELFCM318,22:06,09:58,45.1,"soldier, and a Roman senator would have to have property worth about 500 unskilled slaves. It's not surprising, then, that 49% of slaves were owned by the patricians or senators, who made up just 1.5% of Rome’s entire population at the start of the Republic. One particularly wealthy Roman consul, Marcus Licinius Crassus, who you may remember from the last episode, had so many slaves that he kept 500 just for carrying out building works on his properties."
ELFCM319,25:46,11:39,45.2,"in which gladiators would do exercises like push ups and sit ups. To learn how to fight, gladiators would use wooden weapons, with the type of weapon depending on which category of gladiator they were being trained as. The four main types of gladiator were Samnites, also known as Secutors, Thraces, Murmillo and Retiarius."
ELFCM320,22:29,10:07,45.0,"War, and resulted in Israel capturing a lot of territory, including Gaza, the West Bank, and the Golan Heights. It also resulted in the capture of thousands of prisoners, the"
ELFCM321,16:10,07:18,45.2,"This was another key failure of the German response to the Munich hostage crisis. The police offered money to the terrorists because they had completely misunderstood the terrorists’ devotion to their stated goals. They offered them today’s equivalent of over $60 million dollars, but if they had understood their motivations properly, they would have known that probably no number would have been enough."
ELFCM322,20:45,09:20,45.0,"Some say they met at a polo match, others that they were introduced by a mutual friend. However they met, the pair soon began courting, they were in a romantic relationship. Charles adored Camilla. He felt that she treated him like a normal person, not as a king-in-waiting. They talked for hours on end, and it really was a relationship of equals."
ELFCM323,19:16,08:39,44.9,"For much of Charles’ early life, his mother had been away, she was absent. He was three years old when his mother became queen, and he rarely saw her when he was growing up. And when he did see his parents, it was an unusual and unaffectionate relationship. In one famous episode, when the queen and Prince Phillip returned to the UK after 6 months away on a tour, they greeted the five-year-old Charles not with a hug or a big kiss, but with a handshake."
ELFCM324,21:52,09:50,45.0,"100 years ago, as someone trying to learn English in, let’s say Brazil or Japan or Turkey, you might never hear anyone speaking native English, even if you learned it your entire life. 50 years ago, as someone learning English, you would probably rely on one person, your teacher."
ELFCM325,17:08,07:48,45.6,"Let’s say you had been reading someone’s books, or listening to a podcast for years, really enjoying it, and then you found out that it had actually been written by AI, by a computer? If you didn’t know that it was until you were told, how would that change your experience, how would that change the way it made you feel?"
ELFCM326,24:20,10:56,45.0,"different to other social apps. Remember, you only ever see one video per screen, so the TikTok algorithm can get a sense of your thoughts about that video based on the actions you take. Do you swipe up right away to move onto another video? OK, that indicates it wasn’t interesting."
ELFCM327,19:58,08:57,44.9,"only in her third week in the role. Her Chancellor of the Exchequer and close ally, Kwasi Kwarteng, announced a “mini budget”. Traditionally in British politics, a Chancellor announces a new budget in the spring."
ELFCM328,19:47,08:57,45.3,"the Prime Minister was on TV telling people that they shouldn’t leave their houses or socialise with anyone, he was proved to be having extensive gatherings that went completely against the rules that he himself had set out. In classic Boris Johnson style, he tried to get out of these accusations, saying that he knew nothing about them and that he was sure that all of the"
ELFCM329,18:55,08:28,44.8,"Lagerfeld didn’t really have a signature style as a designer, and he wasn’t known for any one kind of design. Instead, he was celebrated for being a visionary creator - someone who could see"
ELFCM330,22:14,09:59,44.9,"And it’s from here that the metric system was born. It came both from the urgent need to solve this pressing, practical problem and a more idealistic motive which had to do with the Enlightenment. If you know much about The Enlightenment, or you’ve listened to episode number 149, you’ll remember that this movement, which had at its core the idea that"
ELFCM331,22:42,10:10,44.8,"In fact, Savile used his charity work as a means to manipulate the press into not reporting the allegations against him, suggesting that they would be responsible for the end of his charity fundraising if they did. His quirky public persona combined with his charity work allowed him to hide in plain sight, and his fund-raising activities also gave"
ELFCM332,21:31,09:40,45.0,"It was Alice and her two sisters, and Carroll believed they would make the perfect photograph. The girls were daughters of the dean, or head, of Christ Church, the same college. Determined to get his shot, Carroll approached the family and offered to take the girls’ photograph, much to the children’s delight."
ELFCM333,20:04,09:04,45.2,"writing or responding to letters from other children than seeing her own. The children were looked after by a team of nannies, and Blyton would only see her daughter at designated times, usually only for one hour after dinner. And after the birth of her second daughter, Imogen, in 1934, things had continued to go downhill. Blyton saw her daughters even less and her husband had taken to drinking secretly in the cellar."
ELFCM334,21:45,09:44,44.8,"role was to keep track of any anti-British sentiment within the American government. As you might imagine, this led to Dahl making some friends in pretty high places, in other words, he met many people in important and high up positions in society. Dahl even worked alongside the fellow spy Ian Fleming, who would go on to write the James Bond series."
ELFCM335,20:09,09:06,45.2,"that annoying, niggling, feeling when you can’t quite remember the correct word to describe what you mean. Well, linguists propose that grammatical gender can actually help"
ELFCM336,23:10,10:26,45.1,"with former soldiers - many of them unemployed, many of them traumatised with what would today be called Post Traumatic Stress Disorder - and football hooliganism had a bit of revival. In the 1955-56 season, fans from another of the British game’s biggest local rivalries, Liverpool and  Everton, were involved in a number of ‘train-wrecking"
ELFCM337,23:14,10:22,44.7,"In any case, even if it did improve, slightly, life as a child in Victorian Britain was somewhat miserable. And suddenly, along came this option of reading stories of adventure,"
ELFCM338,28:17,12:42,44.9,"Henry himself would become even more disappointed than his subjects. In September Anne gave birth to a baby. No doubt Henry was waiting outside with bated breath, ready to announce"
ELFCM339,24:26,11:07,45.5,"capable of looking after herself, this must have been a tricky pill to swallow, a difficult reality to accept. And indeed, Elizabeth didn't accept it. In fact, she had resolved never to"
ELFCM340,23:20,10:28,44.9,"up any goodwill with his wife, who would refer to him in her memoirs as both ‘an idiot and a drunkard’. She hated him, and was not going to do him any favours."
ELFCM341,20:06,09:03,45.1,"by any means, so what went wrong? Well, for this we have to thank, or blame perhaps, Christianity. As the Vikings started to raid Britain, they came into contact with Christianity,"
ELFCM342,26:05,12:00,46.0,"gave him the chance to appoint his own staff - and those loyal to him - through the party and build up his own power base. Stalin loyalists were generally newer Communist Party members, often from"
ELFCM343,27:30,12:22,45.0,"of October, 1922, 30,000 Fascist blackshirts gathered to demand the resignation of Prime Minister Luigi Facta. King Victor Emmanuel, Vittorio Emmanuele, could only watch as"
ELFCM344,28:46,13:03,45.4,"“inferior” Slavic peoples including the Sudetenland [or the Czech Republic as it’s now called], Poland and Russia. By the time Hitler was released from prison, the German economy had picked"
ELFCM345,21:47,09:44,44.7,"In addition to this, experts also believe that head injuries in childhood can make it more likely. Richard Ramirez, for example, the man who we heard being captured at"
ELFCM346,20:06,09:07,45.4,"to say, the best of the best - that have had kings, politicians and famous academics as former members. Outside this bubble of Cambridge, as you will know, the 1930s was a time of great"
ELFCM347,21:46,09:45,44.8,"spying as part of a broader anti-fascist fight, but they were now spying directly against their homeland. And they became even more important, even more valuable, to the Soviets."
ELFCM348,20:01,09:01,45.1,"Maclean, but with no hard evidence, Philby faced no charges but was instead asked to retire quietly from MI6. As you might imagine, the whole saga caused outrage in Washington and"
ELFCM349,18:04,08:06,44.8,"River Thames, the big river that runs from west to east, that cuts across the belly of the city. I’m talking about a river called the River Fleet."
ELFCM350,19:12,08:39,45.1,"accident by a Mexican bartender who was trying to make a Mexican drink consisting of brandy, triple sec, and lemon juice. He reached for the brandy bottle, but instead of brandy he picked up a"
ELFCM351,18:18,08:16,45.2,"He was born in the city of York in northern England on the 15th of March 1813. His parents, William and Frances Snow, were humble working-class people - his"
ELFCM352,26:58,12:13,45.3,"Soviet authorities were holding him and his wife against their will, and that he wanted to return to the United States. Because he had never formally renounced his American citizenship, in June of"
ELFCM353,24:17,10:54,44.9,"but by American political forces. And who are we talking about here? The CIA, of course. To put it simply, President Kennedy did not exactly have the best working"
ELFCM354,21:45,09:44,44.8,"a man could ever want, behind closed doors, in private, things weren’t quite so rosy, they weren’t going quite so well. Lucky Lucan, as it turned out, wasn’t quite so lucky after all, and was"
ELFCM355,19:03,08:32,44.8,"Or to translate this into plain English, what if we could use trains to encourage people to stop drinking alcohol? And so his first trip, or tour, was taking a group of 500 Temperance"
ELFCM356,21:36,09:40,44.8,"But, as we’ll see, the racial tensions that gave birth to the KKK were still bubbling away beneath the surface. After forming again in 1915 in Georgia, the Klan then registered"
ELFCM357,22:37,10:11,45.1,"in television studios and debates. By 1980, however, Duke rather suddenly left the Knights of the Ku Klux Klan. He gave up his position as Grand Wizard after a dispute with another Klan"
ELFCM358,25:31,11:32,45.2,"not you, but according to some statistics, up to 20% of the world’s population gambles online. So, what happens? Well, there is a person,"
ELFCM359,19:07,08:31,44.6,"was twisted and used to mean something completely different, it’s used against the original creators of the term. And if you remember our second definition of “woke”, from the start of the episode,"
ELFCM360,23:15,10:33,45.4,"Most of these influencers, in fact, seemed to have no intention of going to the festival. But their invoices needed to be paid, and McFarland was running out of money, all before he needed to figure out how to actually put on this festival he was promising. McFarland was told that putting on the festival would cost around $50 million, but that was far more than he had anticipated and budgeted for."
ELFCM361,18:47,08:29,45.2,"He would have ice baths, he would walk around his ranch with his dogs, and throw axes at trees. He was on a global mission to advance this “ancestral lifestyle”, going from place to place to connect with tribes in everywhere from central Asia to the plains of Africa. Along the way, of course, he would stop off for interviews on TV shows and podcasts, still topless, of course, where he would talk about his diet, his mission, and how"
ELFCM362,20:31,09:10,44.7,"comes directly from interviews with Neff, and the long article in a magazine called The Cut that would reveal what Anna was really up to. Anyway, Neff and Anna grew close. Anna would take her shopping, she would go out to dinner with her, she even offered to finance a film that Neff was hoping to save up enough money to make."
ELFCM363,22:23,10:02,44.8,"The point is that this is the case in Britain. Now, back to our story, back to Birmingham, and in fact, back to a particular area of Birmingham called Alum Rock, which is an inner-city suburb of Birmingham. 60% of people in Alum Rock have Pakistani heritage, with the vast majority of those people of Pakistani heritage being Muslim."
ELFCM364,18:51,08:25,44.7,"part of the expression “when in Rome, do as the Romans do”, meaning that you should try to respect new cultures and try new things when you're in new places. So, that’s a partial idiom. And then the final type is something called a “Prepositional idiom”, which is actually very similar to a phrasal verb."
ELFCM365,21:13,09:25,44.4,"and governing bodies, who espouse, sympathise with or fail to challenge extremist views.” They found some offensive and conservative WhatsApp messages between Muslim teachers in Birmingham, particularly around homosexuality, but there was no evidence of any kind of planned conspiracy. In fact, despite all the horror stories and scaremongering about subversive Islamic school plots, four separate investigations couldn’t find any evidence of a wider organised plot"
ELFCM366,18:54,08:36,45.6,"at the turn of the twentieth-century generally stayed together, ate Italian food, spoke Italian, and lived together. They were, by and large, treated by the local population as second-class citizens,"
ELFCM367,23:17,10:25,44.8,"were given to contractors that the Five Families had connections, and often financial interests, in. Any company that won a concrete construction contract was forced"
ELFCM368,21:22,09:45,45.7,"And in terms of what are the most popular tabloids today, well, the exact titles have changed a little over the years, but the top three almost always include some combination of The Sun, The Daily Mail, The Daily Mirror and The Daily Express. Now, we’re going to go into some of the actual details of tabloid stories in the next episode, but let me give you one recent example to illustrate the"
ELFCM369,20:33,09:11,44.7,"languages, and of course the country voted to leave the European Union. And the rest of Europe, and in particular the European Union, were and still are frequent targets for the British tabloids. The two examples I want to give you here actually use the same headline format, but come 27 years apart."
ELFCM370,20:30,09:12,44.9,"a minute, but first of all, let me just address the question of how FIFA actually chooses what country hosts a World Cup? Now it’s a more equal process, with every FIFA member state having one"
ELFCM371,18:40,08:21,44.8,"meant that efforts to expand and invest in it weren’t particularly coordinated. But after it was brought into public ownership in 1933, things really started to change - decisions could be more long-term, rather than made with the aim of short-term profit. And clearly when you need to invest lots of money to dig large tunnels underground and you are creating a public, not private transport system, long term thinking is important."
ELFCM372,17:41,07:53,44.6,"What’s more, the business of producing milk is not a particularly good business. Dairy farmers are constantly hammered on price by large supermarkets; they simply can’t make much money selling milk anymore, because their costs have risen so fast, and they can’t charge any more. For milk’s critics, no doubt this is fantastic news, as it’s yet another reason to consign milk to the history books."
ELFCM373,21:37,09:46,45.2,"dropped into the jungle claiming that the war was over. But they thought that the leaflets were enemy propaganda trying to trick them out of their positions. These men had studied propaganda techniques at the Nakano school, let's remember. Onoda would later talk about this, explaining that, and I’m quoting directly, ""The leaflets"
ELFCM374,22:38,10:08,44.8,"In this meeting the agent agreed to accept a bribe on behalf of his players, which required them to bowl bad balls, essentially to make mistakes, at specified points during a cricket match at London’s most prestigious cricket ground, Lord’s. The entire conversation was caught on film, and on Sunday, the 29th of August, 2010, the News of The World front cover had a picture of the cricketing"
ELFCM375,18:44,08:26,45.1,"start, so Achilles needs to travel 10km and the tortoise needs to travel 1km. It might take 60 minutes for Achilles to run 9km, by which time the tortoise might have moved 100 metres, let’s say. Then it might take Achilles 30 seconds to run 100 metres, and in that 30 seconds the tortoise might have moved 1 metre."
ELFCM376,27:15,12:21,45.4,"But this was a minority. In most cases, the videos uploaded were videos that had been made by the porn studios, and uploaded straight to the tube websites, without the consent of the studio that owned the copyright. And for a long time, the tube sites did little-to-no moderation. They put up their hands and said, “hey, we’re just a content aggregator."
ELFCM377,20:55,09:27,45.2,"A week after the initial contact, “Socks” met Commander Charles  Haffenden and agreed to cooperate, saying “You let me know where you want the contacts made, or what you want, and I’ll carry on.” From that moment on, “Socks” became a key partner to the US government. Firstly, he gave union cards to U.S government agents, allowing them to go undercover in the Seafood Workers’ Union and try to identify potential spies amongst the majority Italian workforce."
ELFCM378,20:29,09:13,45.0,"and paying members from a dozen or so different countries. It was off to a good start! But it was still, to a certain extent, not my full-time job. When I first started, I was still working part-time as a marketing consultant, to pay the bills. See, before starting this podcast, and the business behind it, I had a"
ELFCM379,23:50,10:40,44.8,"But how fake exactly is it, and how does this tie into an understanding of the history of the sport? Well, although professional wrestlers are forbidden from commenting on it, it’s well-known that matches are choreographed in advance, they are pre-arranged. The wrestlers know what moves they are going to do next, when they supposedly punch each other in the face, the blows are deflected and softened, and the winner is decided before the match starts."
ELFCM380,23:35,10:36,44.9,"Mercury was increasingly used for batteries in military equipment, and Rich sensed that the Cold war was hotting up and that countries would be investing in military equipment. He bought as much mercury as he could, and sold it for a large profit when the price rose. But his talents didn’t only consist of spotting money-making opportunities. He had an uncanny knack for being able to arrange complicated deals between"
ELFCM381,18:12,08:13,45.2,"In Britain this is particularly true before the arrival of William the Conqueror, in 1066. This, incidentally, is when historians such as Buckle would have defined the Dark Ages as ending, and British “modern” history starting. Indeed, the numbering system of Kings of England started in 1066, with William I. It’s almost as if British history ignored the presence of any king that came before him."
ELFCM382,20:20,09:11,45.1,"we could describe as house arrest, only allowed out with some sort of chaperone, a guard with her. In 1929 she had started studying at university in Munich, and had moved into a large apartment owned by Hitler, although the two did keep separate bedrooms. And a year and a half later, on the morning of September 18th, 1931 the pair would be heard having a huge argument, shouting and shrieking at each other."
ELFCM383,27:09,12:09,44.8,"king of France was staying, firmly out of the way of the English. Before she left, Joan made some preparations to make herself look less like a 15-year-old girl. She cut her hair short, like a boy’s, and dressed in men’s clothing. When she arrived at Charles’ court, she was forced to wait for two days for an audience with him. Then she would meet her first real test."
ELFCM384,21:42,09:49,45.3,"essentially it was a dictatorship, but one in which people had a theoretical vote. In any case, his actions soon started to resemble the actions of the unelected monarchs who had felt the cold steel of the guillotine. In 1804 he gave himself the title of Emperor of France, and the following year he also became King of Italy, which didn’t include all of Italy"
ELFCM385,29:25,13:18,45.2,"the accusations, Mathieu Dreyfus, Alfred’s brother. He knew his brother, he knew this was something he would never do, and he embarked on what would become a five year campaign to clear his brother’s name. He rushed to Paris, found a well-known and respected lawyer, and tried to defend his brother against the allegations both in the legal system and in the press."
ELFCM386,24:32,11:00,44.8,"woman could do without damaging her marriage prospects. Before this, really the only other socially acceptable option for an educated woman, in the UK at least, was to become a governess, a sort of live-in teacher. So, strangely enough, the typewriter did offer new opportunities to women who were forced to live in a society that still considered them second-class citizens."
ELFCM387,20:38,09:18,45.1,"we all live in,  a flat surface with a dome above it where the sun, moon and stars were. So, was Rowbotham mad, a fraud, some kind of religious zealot, what was he trying to do by publishing this theory? Well, much like I described earlier, with the example of you or I being able to observe our surroundings and come to the conclusion that the"
ELFCM388,19:53,08:56,44.9,"There has been so much information given to them about me, my friends and my family - all without my permission or knowledge. After a long time of trying to figure out who it could be, for various reasons, I had a suspicion. To try and prove this, I came up with an idea. I blocked everyone from viewing my Instagram stories except ONE account."
ELFCM389,22:13,09:59,45.0,"But I can assure you I am going to try my best.” He was put in the handcuffs, the lock fastened and the 15 centimetre key removed. He retreated into a small box, which he called his “ghost house”, to try to escape from the cuffs. The band started playing, the clock ticking. Minutes went by, with no sign of Houdini."
ELFCM390,26:19,11:51,45.0,"newsstands, so that the story wouldn’t become known to the British people. But the story couldn’t be kept quiet forever, and the new king needed to make a choice. He needed to marry and produce an heir. The woman he loved and wanted to marry, however, was deeply problematic. Firstly, the British monarch is also head of the Church of England."
ELFCM391,17:56,08:11,45.6,"Firstly, this was the early 1960s, there was an increasing idea of “the teenager”, a particular period of one’s life when you were increasingly independent, perhaps rebellious, able to make your own choices, wanting to find people and bands that represented you. This isn’t specific to the British bands, but it gives you some idea about the increasing proportion of US society that was available to become hooked on British rock music."
ELFCM392,16:46,07:39,45.7,"You might remember in May of this year, there was an incident on the New York Subway when a member of the public restrained another passenger, he held him down on the ground, with his arms around the man’s neck, and killed him in the process. The man who died was called Jordan Neeley, and he had been living on the streets of New York for several years, he was what most people would call “homeless”."
ELFCM393,23:25,10:32,45.0,"positive outcome, no war is an improvement from a never ending war. But where it starts to get more debatable is what Henry Kissinger’s role was in the war, what he was prepared to do to end the war, and whether he really deserved any of the credit. Firstly, he would be accused of delaying the peace negotiations for political gain. There was going to be a US election in 1972, and he would be accused of delaying"
ELFCM394,19:13,08:38,44.9,"Are there precise definitions of what happens, of the different sins and the requisite punishments for them? In short, no. There are multiple references to hell, but these are open to interpretation. As you may know, there are two sections in the Bible, the Old Testament and the New Testament."
ELFCM395,23:46,10:37,44.7,"and later on doomsday prophecies similar to those of Nostradamus. Essentially a belief that the end of the world was imminent and the only people who would be saved were followers of Aum Shinrikyo. Shoko Asahara, the man at the centre of it all, claimed to be the first enlightened one since Buddha, and a modern day Jesus Christ."
ELFCM396,20:34,09:12,44.8,"or that he had stolen $20 million from Citibank and given it to Greenpeace, knowing full well that these catchy headlines would be sure to make it into the press, and the journalists writing the story would have little way of verifying Kim’s claims, of checking they were true. Greenpeace, by the way, reported that it was completely not true that Kim had hacked $20 million from Citibank and given it to them, it was a straight up lie."
ELFCM397,19:20,08:39,44.7,"So, here we go, here is my “expert” diagnosis of your personality: You have a great need for other people to like and admire you. You have a tendency to be critical of yourself. You have a great deal of unused capacity which you have not turned to your advantage. While you have some personality weaknesses, you are generally able to compensate for them."
ELFCM398,21:54,09:48,44.7,"It would take them almost two months to get to their first “pit stop”, the island of south Georgia, the relatively large island about one and a half thousand kilometres away from the tip of Antarctica. Shackleton and his crew stopped at the island for several days to make their last preparations before continuing their journey to the bottom of the world."
ELFCM399,21:27,09:38,44.9,"large chunk of the money gambled goes back into government projects. With the UK lottery, just over 50% goes towards the prize winners, 25% goes towards “good causes” as set out by the British parliament. 12% goes directly to the UK government as a tax. 4% goes to the shops that sell the tickets, and 5% goes to the private company that runs"
ELFCM400,17:53,08:05,45.2,"with the younger generation, no mainstream politician to date has put their name behind it and made it a cornerstone of their policy. After all, it’s a difficult message to sell to a voter. James Carville, Bill Clinton’s political strategist in the 1992 presidential election, famously quipped, “it’s the economy, stupid”, reminding his candidate"
ELFCM401,24:42,11:03,44.8,"Carnavan was impressed with Carter, and he agreed to finance the continued search for the tomb of the pharaoh. Now, he wasn't doing this only out of the goodness of his own heart. The people financing these archaeological digs usually did so because they would take part of the treasures back home to their personal collection."
ELFCM402,20:47,09:22,45.1,"To quote one French commission from 1833, ""we have sent to their deaths on simple suspicion and without trial people whose guilt was always doubtful ... we massacred people carrying safe conducts ... we have outdone in barbarity the barbarians"". And this was where the soldiers of the Legion cut their teeth, they got their start and made their name."
ELFCM403,20:39,09:21,45.3,"war-time profits drying up, Rockefeller was on the lookout for a new opportunity. This opportunity, it turned out, was right in front of his eyes, or under his feet, depending on how you look at it. Oil. We might now think of the oil capitals of the world to be located"
ELFCM404,19:25,08:50,45.5,"distributed between the 10 other surviving children, one son and 9 daughters. Although 5% of $105 million is still a pretty sizable inheritance, understandably, the children who had to fight over this last slice were a little miffed, confused and upset. They even tried to contest the will, saying that their father had not been mentally fit when he made it."
ELFCM405,18:59,08:30,44.8,"and Hulk, all deeply flawed characters with human as well as superhuman characteristics. Not only did this make for better and more engaging stories, it also meant that the comic books could be enjoyed and bought by adults as well as children. And secondly, Stan Lee created an entirely new method of writing comic books, and I think this is particularly interesting."
ELFCM406,20:51,09:21,44.9,"But if you did, let me tell you how to address that person. It’s actually quite simple. If you are addressing one of the 30 Dukes, you say “Your Grace”. Unless, that is, that Duke is also a prince or princess, in which you would say “Your Royal Highness”."
ELFCM407,20:18,09:07,45.0,"Now, wearing a uniform at a school in Britain is not unusual; in fact, most schools do require it, both state and private. But the uniform for Eton is something else, it takes formality to an entirely new level. Until 1948 boys were required to wear a top hat. And this requirement was only removed because of rationing in"
ELFCM408,19:52,08:54,44.8,"This kind of domestic servant would typically have worked 7 days a week, starting work at something like 5 o’ clock in the morning and not finishing until 10 or 11 in the evening. And the pay varied, but was extremely low. The official British government census put it at £16 a year in 1901 for a general housemaid, which is around €1,900 a year in today’s money."
ELFCM409,26:50,12:01,44.8,"The driver waited, and then started to get a little concerned. O.J. would miss his flight, and he would miss his meetings the following day. The driver called around to see if he could get a home number for O.J. He was looking for signs of activity in the house, and at one"
ELFCM410,20:07,09:12,45.7,"If you remember Fyre Festival, from episode number 360, one of the sisters, Kendall Jenner, was paid $250,000 for a single Instagram post, and the sisters now reportedly charge a minimum of $100,000 per social media post. But it would be through launching their own product lines and selling them to their audience directly that they would go on to really make their millions."
ELFCM411,18:04,08:10,45.2,"The French plan was, in layman’s terms, to dig a trench from one side of the country to the other. It was more or less a replica of what had worked in Egypt a few decades before. It didn’t take long for the French engineers to realise that this plan wouldn’t work. For starters, whenever there were heavy rains there would be landslides, filling up the holes that the French workers had dug."
ELFCM412,16:31,07:26,45.0,"In 1845, the British Parliament passed something called The Lunacy Act, which officially classified people who were mentally ill as “patients”, recognising mental illness as something to be treated as a health condition. They would be sent to “mental asylums” where they would be treated by medical staff. Unfortunately, conditions for people in these asylums were not much of an improvement."
ELFCM413,17:11,07:48,45.4,"but the structure was certainly in use, albeit a different use from the one it was intended for. After all, 96% of British adults have a mobile phone, the days of being out and about and having no way to contact someone else are long gone. So, there is less reason for these phone boxes to exist, but not no reason. Remember, these phone boxes are considered a public good."
ELFCM414,22:54,10:19,45.1,"of some sort, so the mission was to go west into Africa, find a huge lake, then go all the way around the lake to see if there were large rivers flowing out of it that would lead to the Nile. Described like that it sounds almost easy, but as you’ll see, it most certainly wasn’t. When Burton arrived in Africa, he was joined by another Englishman by the name of John Hanning Speke."
ELFCM415,20:24,09:08,44.8,"And the journey would take him through modern Tanzania, Mozambique, Malawi, Zambia, and the Democratic Republic of Congo. His journey was, in many ways, even more arduous than his predecessors. He was robbed multiple times and within a few months practically all his supplies were gone. He got malaria a total of 26 times."
ELFCM416,16:26,07:19,44.6,"bank before it was too late, take the boats out of the water and attempt to find a safe way around. In many cases, they didn’t, and members of the party were swept away with the rushing water and drowned. And those who didn’t died in the river, died from sunstroke, malaria, and a miscellany of other gruesome illnesses."
ELFCM417,23:44,10:48,45.6,"circles in the capital, and make powerful friends with whom I can shape my future instead of letting it come as it will....Remember, mother, I must have fame."" End quote. Cook, on the other hand, seemed to have got a taste for the explorer’s life. He went on an expedition to the Antarctic in 1897, where he"
ELFCM418,23:53,10:46,45.1,"At least, Amundsen was ready to go, and his party left on September 8th of 1911. But the Norwegians had jumped the gun, they left while it was still bitterly cold, and they were forced to return back to base and wait for the temperature to rise. It took more than a month, and on October 19th, with four sledges and fifty two dogs, the Norwegians set off south."
ELFCM419,19:47,09:01,45.6,"He actually took the civil service examinations one more time, six years later, but after failing again, he decided that the heavenly father he had seen six years prior was God, and the heavenly brother was Jesus Christ. In other words, Hong Xiuquan was the brother of Christ, and he was charged by his father, by God, with obliterating demon worship."
ELFCM420,18:41,08:27,45.2,"In 1947 there was a competition announced in America. Anyone could take part, and the objective was to create a new breed of chicken that would be bigger and cheaper. Or, to quote the advert from the original announcement, the objective was to breed “one bird chunky enough for the whole family—a chicken with breast meat"
ELFCM421,20:24,09:16,45.4,"Not only did most of these young people show absolutely no interest in getting a job and following a conventional path, they spent their days engaging in behaviour that was deeply disapproved of by much of the older generation, their parents and grandparents. Specifically, two fundamental behaviours of the hippy movement were free love and a change of consciousness."
ELFCM422,21:23,09:37,45.0,"typically pay them a few hundred dollars afterwards. The girls that were brought to the mansion were often flown in from all over the world: Brazil, the former Soviet Union, as well as other Latin American countries. There was even an allegation of 12-year-old triplets being flown in from France. In terms of just how many there were, it’s thought that there were at least"
ELFCM423,23:57,10:47,45.0,"Rothschild managed his patron’s wealth, doing everything from making sure that Napoleon didn’t get his hands on it through to investing it and growing his fortune. Mayer Rothschild himself grew very wealthy, but this was only sowing the seeds for what was to come. Mayer Amschel Rothschild’s most important legacy, his most profitable investment you might even say, was his family."
ELFCM424,17:01,07:40,45.1,"that’s just as bad, or perhaps worse, than a high-salt diet, and that’s a no salt diet. Salt, in small amounts, around 500 mg per day according to the Harvard School of Public Health, it is essential for human survival. Someone who found this out the hard way was Napoleon Bonaparte, as when his army was retreating from its ill-fated Russian campaign, it ran out of salt."
ELFCM425,21:57,09:55,45.2,"TikTok sense, or simple messaging apps like Whatsapp, the fact that information can be transferred so quickly and easily has created a fertile ground for polarising beliefs, which attract people to more polarising candidates, and strongmen are nothing if not polarising. And on this note, the fifth and final factor to mention is this increased polarisation of political beliefs, the increasing difference between those on"
ELFCM426,21:08,09:24,44.5,"future creatives could thrive, and the result is the Korean Wave that we see today. But, of course, a country cannot simply throw money at so-called “cultural projects” and hope that a BTS or a Squid Game or a Parasite will emerge a few years later. There are plenty of other factors that are at play, and in the case of the gigantic success of K-Pop, one important factor that is often referenced is the"
ELFCM427,21:36,09:44,45.1,"much gold and silver a country had to buy the goods that it needed. It didn’t really address how the goods were produced or the human motivation behind the process; the only important thing was the value of the money inside the economy. Smith’s innovation, or divergence from this path, was to link wealth more closely to living standards."
ELFCM428,22:22,10:02,44.9,"According to the French author, Agathe Demarais, sanctions have not got any more effective. Demarais is the author of a book on the efficacy of economic sanctions, and in it she looks at all U.S. sanctions since 1970 and shows that the countries targeted by sanctions only changed their behaviour 13% of the time."
ELFCM429,21:42,09:42,44.7,"It was such a problem that it caused Marie's brother, the Holy Roman Emperor Joseph II, to come to Versailles in April of 1777 to find out what was going on. Whatever he said to the pair, it seemed to have had some impact, but not immediately. It took 5 months for the marriage to be consummated, and a year later Marie Antoinette fell pregnant."
ELFCM430,22:34,10:11,45.1,"training rural doctors in the same region her brother is working in. Let’s say, for sake of ease, it costs $50,000 to train a doctor in Bangladesh, meaning that the sister’s donation can train 100 new doctors every year. And let’s assume that each new doctor is as efficient as the brother, so can save the lives of 100 children per year."
ELFCM431,18:14,08:12,45.0,"past a sheep on a remote beach at the bottom of a cliff. Nothing particularly unusual about that; the area is full of sheep farms, and the lady presumed that the sheep had just got separated from its flock and would make its way back shortly afterwards. But, in October this year, two years after first seeing this sheep, the kayaker returned to the area and saw the sheep in the same place."
ELFCM432,15:16,06:54,45.2,"Starting in the 1990s, residents of this particular suburb took to throwing unused and unwanted pieces of furniture out of the window on New Year’s Eve as a way of symbolically saying “out with the old, in with the new”. After all, this was at the time that the racist apartheid regime was abolished, which was clearly something to celebrate, but it has developed into a dangerous and problematic tradition."
ELFCM433,18:29,08:18,44.9,"for yourself if you can see any similarities with another game: Players used fake money to buy and sell deeds and properties, borrowed from the bank, and paid taxes. They circled a clearly drawn path, one corner anchored by the Poor House and Public Park. across the board was the Jail."
ELFCM434,22:15,09:55,44.6,"that was collected on millions of Americans without their knowledge. And everyone who worked at the NSA knew this, and of course James Clapper, as the Director of National Intelligence, he didn’t just know this, he practically oversaw the entire operation. Snowden turned to his colleagues, and said “can you believe this shit?”, but their reaction was more of a “huh, yeah of course he’s going to lie”."
ELFCM435,21:26,09:43,45.3,"Now, there are a bunch of different cryonics companies around the world, but fewer than 10. They all work in slightly different ways, and the process they use is similar to the one I described, but with a few variants. And in terms of the costs, well these vary wildly. The leading US company is called Alcor, and it charges $200,000 for a"
ELFCM436,21:57,09:54,45.2,"Now, it is still very early days, but imagine a world where your brain had access to the internet, where instead of going to a computer and typing or saying what you wanted, you simply thought it and the information was immediately available in your brain. Again, this might sound creepy and your immediate reaction might be “ that sounds like a step too far”, but there are many cases in which this kind of cognitive enhancement"
ELFCM437,19:38,08:49,45.0,"of the intestines and harmful proteins to enter into the bloodstream. These proteins, so Wakefield hypothesised, were harmful to the brain, and could bring on autism. So, where did this come from, Wakefield must have got this idea from somewhere? After all, it was a scientific study published in a well-respected medical journal, and Wakefield was a trained and experienced doctor; this wasn’t some case of an eccentric amateur scientist doing"
ELFCM438,18:07,08:07,44.8,"All was not lost; Einstein was not wrong, time travel is still not possible, there is no need to rethink our understanding of space, time and gravity. It all came down to a fault in the cable. But this wouldn’t be the first time that scientists have claimed that they were on the cusp of a groundbreaking discovery, and one that would fundamentally change the world."
ELFCM439,17:20,07:46,44.8,"figure, linking him closely to the idea of death and mortality. And of course crucial to the idea of Charon was the idea of travel, travelling from life to death, the known to the unknown, across the river in his boat. Importantly, Charon’s service was not free, there was a fee to cross the river. And if you could not pay the fee, well Charon was not running a charity"
ELFCM440,22:07,09:48,44.4,"It was a huge driver of economic growth for the country, but this government report looked at the economic impact of the film Jurassic Park and determined that just this one film, 2 hours and 7 minutes of movie, had an economic impact equal to producing 1.5 million Hyundai cars. Now, not to belittle the work of Steven Spielberg, and the original Jurassic Park is a great film, but the Korean government looked at this and thought, “hmm, this"
ELFCM441,17:32,07:52,44.9,"exercise in a particular way or follow a certain diet, but these tend to be general. Bryan Johnson wanted exact instructions, he wanted the perfect recipe. There was none, so he decided to try to create it for himself. It's hard to pinpoint exactly when this interest and project started, but as early as 2019 he publicly declared that he was making some unconventional moves to optimise his sleep."
ELFCM442,17:44,08:06,45.7,"This was in February of 2019, and to this day, as of the time of recording this episode at least, the situation has not changed; she is still in a Syrian refugee camp, without a state to call her own. To some, this is fair and just; nationhood and citizenship are things that a country can give out and take away, and in the case of Shamima Begum, she made her choice,"
ELFCM443,18:52,08:33,45.4,"people have fled their countries and tried to seek a new life in Europe. Syrians, Afghans, Nigerians, Pakistanis, people from all over the world have risked their lives and left their families in the hope of a better life in Europe. Britain, as a small island nation to the north of Europe, far away from the Mediterranean, was not on the frontlines, but it has still seen an increasing number of people trying to cross"
ELFCM444,15:47,07:07,45.1,"But, Christian the lion cub was becoming Christian the fully-grown lion. Ace and John knew that Christian couldn’t stay in London forever. London was no place for a lion, and certainly no place for an adult lion. One option was to send him to a zoo or sanctuary in the UK, but that was not ideal, they dreaded the idea of Christian being caged up."
ELFCM445,19:43,08:49,44.7,"Of course, the further out of the centre you get, the less this is the case, but the majority of Parisians live with this reality, and so being sold on the prospect of intensifying this, improving green spaces, increasing bike lanes and so on, presumably this wasn’t a particularly difficult one. And something that gave Hidalgo, the newly reelected mayor of Paris, an unexpected opportunity to fasttrack her 15-minute city plan was the COVID pandemic."
ELFCM446,18:27,08:14,44.6,"The destiny for the children of two slave parents was, in most cases, to become a slave, so this category of slave may never have known freedom, having been born into slavery and dying a slave. The third category is of people who were forced into slavery because of debt. They would either have to sell themselves into slavery to pay off their debts, or they would be sold by their creditors, so this category of slave was a curious one, having previously"
ELFCM447,20:37,09:17,45.1,"So, a sort of three-way trade system was set up, a “triangular trade route”. Ships set sail south from Europe, to the west coast of Africa, full to the brim with textiles, guns and rum. These goods would be traded for slaves, who would be packed into ships and sent across the Atlantic. Upon their arrival in the Americas, the ships would be unloaded, those lucky enough to"
ELFCM448,18:49,08:22,44.5,"Number one is India, followed by China, then North Korea, Pakistan, Russia, Indonesia, Nigeria, Turkey, Bangladesh and even the United States, where there are an estimated 1.1  million people living in “modern slavery”. Added together, the total global population of “modern slaves” gets to almost 50 million, and, as you can see, modern slavery exists in practically every country."
ELFCM449,19:30,08:41,44.6,"End telegram. The most important phrase there is the one that would come to be associated with the campaign, and with smoking among women: “torches of freedom”. Cigarettes were presented not as a status symbol or way of staying thin or of doing something that celebrities did, but as “torches of freedom”."
ELFCM450,19:30,08:45,44.9,"The very same evening that the newspaper advertisement was published, she found herself kidnapped by a group of armed men and taken to a secret detention centre. In fact, nobody knows for sure what happened to her, and she wasn’t seen or heard of for 30 years. She would only be formally identified in 2005, when body parts that had washed up on a beach back in 1977 were identified, and they were found to belong to Villaflor and other activists."
ELFCM451,25:46,11:41,45.4,"Now, this came into place in the mid 20th century, so there are some valid question marks over whether exactly the same thing could be done today, in the global age of hypermobility, but back then, it worked. Unproductive companies, as they were forced to pay higher wages, had to improve their productivity or were forced to switch to higher-value activities, or else they went out of business."
ELFCM452,22:40,10:11,44.9,"that they believe play a part in why people are choosing to have fewer babies. You will no doubt be aware of these already, but it’s worth spelling them out. The first is the general theme of increasing equality between sexes. As societies develop, most at least realise that women should be treated as the equals of men, not as mere baby-making machines."
ELFCM453,18:22,08:21,45.5,"woman, combining them with the sperm of the father in a petri dish so that the sperm fertilises the egg to create an embryo, then several days later, implanting the egg back into the uterus, and hoping that it grows to be a full-size baby. Of course, this is a simplification, and there are other variations on how it works, but the IVF process in 2024 is broadly the same as the process that resulted in Louise Brown back in 1978."
ELFCM454,18:43,08:17,44.3,"or a female-female couple, they need to get either the egg or the sperm from another person. To state the obvious, women don’t have sperm and men don’t have eggs, and you need both to make a baby. Theoretically, and let’s take a female-female couple here, sperm could be created from the cells of one of the women, and implanted into the other one,"
ELFCM455,14:57,06:51,45.9,"When the king realises that he is about to die, he entrusts his trusty sword, Excalibur, to one of his knights and instructs him to return the sword to the Lady of the Lake, who is a sort of fairy-like figure who lives in a lake. Thereafter, King Arthur is transported to a mythical island called Avalon, where some versions suggest he may be healed of his wounds."
ELFCM456,21:35,09:41,44.9,"This didn’t deter Fredric Tudor, but it didn’t make his life any easier. People thought it simply wouldn’t work, and he found it very hard to find any ship owner willing to risk carrying his icy cargo. And I do use the word “risk” intentionally. Ice was heavy, it would melt on the way, most probably damaging whatever other"
ELFCM457,17:26,07:53,45.2,"pushing the boundaries of acceptability, as someone who challenged the status quo and was on the forefront of the American sexual revolution. Now, as a reminder, the magazine was launched in the early 1950s. Any kind of sexual relations outside of a marriage between a man and a woman were somewhat frowned upon, and certainly not talked about in magazines."
ELFCM458,20:44,09:19,45.0,"in a week or even a day, and it would be no more work than earning $1,000 or even $10. They didn’t need to strip more, they uploaded the same amount of content, they just needed more people to subscribe to it. And as you heard, with 200,000 people signing up every single day, often people bored at home with money burning a hole in their pocket, there was more than enough demand."
ELFCM459,19:50,08:55,45.0,"As with all bubbles, it started slowly. But as people started to see that this seemed to be a surefire way of making money, more and more people piled in. First it was the comic book fans, the people who really wanted to read the comic books. But instead of buying one copy to read, they might buy one copy to read,"
ELFCM460,16:25,07:23,45.1,"that he is no longer able to publicly represent the royal family. He was cast out, a black sheep, and has been told in no uncertain terms that he was not allowed to speak to the media about the incident. Now, to understand how it got to this point, we should talk a bit about life before the scandal. In fact, there isn’t much of his life that is scandal free."
ELFCM461,19:47,08:55,45.1,"But this wasn’t, reportedly, merely that she was a beautiful woman. It was because she was a fascinating person, a great conversationalist, supremely intelligent, and someone the Roman clearly felt an immediate connection with and attraction for. We have no record of what Cleopatra felt for Caesar, but the two quickly became lovers and allies, with Caesar supporting her against her brother."
ELFCM462,17:06,07:40,44.9,"And during the summer months, all throughout the Highlands, different towns and villages put on “Highland Games”, which are a sort of day of sporting activities and competitions, as well as music and celebrations. Some of the events will be familiar to you: there are normally running races and weight lifting, but some of the activities will probably be less familiar."
ELFCM463,16:30,07:27,45.1,"But Trump thought that his golf course also fell into this category. In other words, he wanted the Scottish government to force Michael Forbes to sell his house. Fortunately, this request was rejected, but Trump then turned to intimidation and tricks. He sent around a member of his team pretending to be someone unrelated to the Trump organisation, someone who was simply looking to buy a holiday home in the"
ELFCM464,17:27,07:51,45.0,"just 5.5 million out of 67 million, these MPs are always in the minority. Now, Scotland actually has more MPs per person than England does, with Scotland having just under 9% of the total seats in the British parliament but only 8% of the population. Yet there is still the feeling that decisions are made in London, not for the benefit of Scottish people, and often decisions that Scottish people do not agree with and do not want."
ELFCM465,20:29,09:12,45.0,"Money. In March of 1690, William offered the Scottish clans a cash payment of £12,000 in exchange for pledging their allegiance to him as king. It’s hard to get an exact conversion for £12,000 to today’s money, but it would have been in the millions of Euros, a considerable amount of money, and a sum large enough to test anyone’s loyalty."
ELFCM466,20:19,09:06,44.8,"interests for the kingdom to remain a close ally, and a stable one at that. So, who did the kingdom turn to? Or rather, who did Western arms companies turn to to sell their wares to the Saudis? The man who had made a name for himself as having impeccable connections, and a foot in both camps: Adnan Khashoggi."
ELFCM467,18:47,08:27,45.0,"getting more monthly visitors than mainstream websites like The Economist and Newsweek, with more than 10 million people visiting it every month. He had no problem attracting an audience. He was so passionate, he got so worked up while on air, shouting, banging his fist on the table and getting all hot and sweaty, and at least it seemed like"
ELFCM468,16:08,07:14,44.9,"thinking about the different types of people that you might encounter in an English school in Malta. So, what factors should you take into consideration if you are thinking about whether to come to Malta to learn English? If you are looking for an “immersion English” experience, and you want to speak English from the moment you wake up until the moment you go to bed, then Malta is a good option."
ELFCM469,22:21,10:12,45.6,"Almost on a daily basis there were stories of politicians from the ruling party abusing their power, and enriching themselves, building huge mansions with swimming pools, being found with millions in offshore bank accounts, and I used to think “surely the people won’t stand for this much longer”. But, this party won two elections during the time that I was there, one in 2017 and another in 2022, and it is still the most popular party in opinion polls."
ELFCM470,19:42,09:00,45.7,"second most equal country in the Americas, behind only Canada. The poverty rate fell from 49% in 1999 to 32% in 2013, extreme poverty fell by 71%, unemployment fell by 50%, university enrollments doubled, deaths from malnutrition fell by 50%. If you were an average Venezuelan, it's fair to say that life overall got better under Hugo Chavez, at least, for a bit."
ELFCM471,20:49,09:21,45.0,"With no clear way to grow out of this recession, and drowning under the ever increasing interest payments on its debt, in 2001 Argentina defaulted on almost $100 billion of sovereign debt, saying, “sorry, we can’t pay”. The Argentine economy had been severely mismanaged, and instead of paying off external creditors, Argentina decided to pay for essential services"
ELFCM472,20:35,09:11,44.7,"He was the man who would crack down on gang violence and crime, and that was an issue that affected everyone, regardless of political views. And you may know what came next. In 2019, El Salvador had an estimated 67,000 citizens who were members of criminal gangs, and this is out of a population of just over 6 million."
ELFCM473,21:05,09:27,44.8,"And euthanasia evidently falls into that category. It is a sad reality that 700,000 people across the world kill themselves every year, that’s one person every 40 seconds, making up 1.3% of all deaths worldwide. Unfortunately, for almost a million people a year, life is so unbearable that they choose to end it. And in the early 1970s, a Dutch doctor called Andries"
ELFCM474,26:21,11:50,45.0,"And on the blade, traces of Meredith Kercher’s DNA, traces of the murder victim. It didn’t look good for the young couple, for Raffaele Sollecito and his American girlfriend, Amanda Knox. But then, a matter of days later, there was another suspect named in the murder, a young man called Rudy Guede."
ELFCM475,20:47,09:19,44.8,"Mignini, by the way, has a history of inventing strange and unorthodox stories, and was already well-known in the region for reopening an investigation into the death of a wealthy doctor from Perugia. The doctor was found dead in a nearby lake, Lake Trasimeno, back in 1985, and it was initially believed that he had simply drowned."
ELFCM476,21:39,09:42,44.8,"general, it is that they aren’t the sort of people to say “ok, no worries, have a good day!” After numerous threats, one day Doyle found two masked men in front of his ice cream truck with a shotgun. They fired a shot through the window, not aiming at him, but to the passenger side. The objective was clearly to frighten him."
ELFCM477,21:11,09:32,45.1,"The Persian ruler at this time was Darius III, an impressive ruler who commanded a huge army. The two armies first met at the Battle of Issus, in November of 333 BC. The Persian forces greatly outnumbered The Macedonians. Some ancient sources have the Persian army numbering as many as 600,000 to Alexander’s just under 40,000, although most modern estimates have the Persian forces at 60,000 or so."
ELFCM478,19:04,08:40,45.5,"himself and his wife he has a fortune of almost a billion Euros, but it is more a case of damage limitation, and allowing him to move on and get on with whatever his future plans might be without too much personal embarrassment. And talking about damage limitation to the Conservative party, there is also the theory that he has been pushed into calling an early election by members of his own political party."
ELFCM479,22:24,10:06,45.1,"Marie Antoinette had never forgiven him, swearing to have nothing to do with him. As a senior church official, he had baptised her children, but she reportedly looked away from him for the entire service, such was the disdain that she held for him. Jeanne met the cardinal, and despite being 20 years his junior, the two soon became lovers. Now, the extent to which this was true love or whether it was Jeanne"
ELFCM480,16:40,07:32,45.3,"nectar, sheep eat grass, fish swim around in the rivers and seas and do whatever fish do. For humans, living according to nature means behaving in a way that is rational and virtuous, aligning one's actions with the inherent rational structure of the universe. There is a “right” way to behave, according to Marcus Aurelius, and this way is by helping and cooperating with other people."
ELFCM481,20:23,09:13,45.3,"Schopenhauer defined will as a purposeless and never-ending striving for change, which is the cause of all human suffering. It lay at the essence of every part of nature, every object, every human thought and desire. In other words, at the core of humanity is something with no meaning, with humans existing in a world where nothing is ever settled or satisfied."
ELFCM482,19:31,08:51,45.3,"At the centre of everything should come the individual, the single human being. No group should have any claim over the rights of any individual, nobody should be able to force anyone else to do anything that is not in their best interest. Now, this has all been quite theoretical, so what would this mean in practice? What would a world look like in which Objectivism reigned supreme?"
ELFCM483,21:08,09:29,44.9,"What happens is that you have the suckers at the bottom, the last people to be signed up, who wouldn’t be able to sign up anyone else, so they have no way of making the money that they had been promised, because the country had run out of available people. This is one of the major criticisms of multi-level marketing schemes. Their pyramid-like nature, and the requirement for people to continue to recruit more"
ELFCM484,19:10,08:37,44.9,"So, access to China was contained to these five port cities, and foreigners were not legally allowed to travel inland. But not all foreigners heeded this law. And it’s here that we need to meet the hero–or villain–of today’s story. His name was Robert Fortune, and he was a botanist by trade, an expert in plants."
ELFCM485,17:53,07:58,44.6,"this was King Edward II, the son of Edward I, the king who had first marched north into Scotland. Now, with the wars of Scottish independence over in the late 14th century, Scotland and England existed as two separate kingdoms. Like all good European rulers, they made sure that alliances and relationships with other countries were reinforced through marriage, so Scottish and"
ELFCM486,20:18,09:08,45.0,"mine, but at least it was predictable, once you had a job, it would be a job for life. But moving into the 20th century, especially after World War I, the industries that had powered the North were in decline. Coal mining, steel production, shipbuilding. These were industries that Britain had excelled in in the 19th"
ELFCM487,22:41,10:11,44.9,"intention all along was to claim the throne for himself. He was Henry’s cousin, and by some measures, he had a greater claim to the English throne than Henry, because he had two grandparents who were children of Edward III, after a marriage of cousins. York ruled as Protector for another year, but then Henry recovered again, and this time when Henry retook the throne, he and his supporters"
ELFCM488,17:50,08:06,45.4,"“Postmaster General”, which was a political role related to the post office. When the Labour party then lost the election in 1970 his ministerial career was over, but he remained a member of parliament, representing the constituency of Wednesbury, in north Birmingham. He also had a busy life outside of politics. He had got involved in numerous business interests, even attempting"
ELFCM489,20:24,09:04,44.5,"Instead of China giving this piece of land to Britain, or perhaps it would be more accurate to say Britain taking this land from China, the arrangement was for a 99 year lease. In other words, China rented this piece of land to Britain for a period of 99 years. There was no explicit provision in the contract specifying what would happen after the 99 years, in 1997 but as Hong Kong continued to develop economically and become"
ELFCM490,17:50,08:01,45.0,"However, her outward behaviour, through her primary outlet, Twitter, has been criticised for not showing the least bit of sympathy for trans people, in particular, transwomen, people who were identified as men at birth but now identify as women. She has been labelled as transphobic, which is defined as having a “dislike of or strong prejudice against transgender people”."
ELFCM491,20:41,09:20,45.1,"These goods are often sold at cost price, or even at a loss, because their low price can easily be compared to other supermarkets, so you think “oh, a pint of milk at ALDI is 90p, I paid £1.20 the other day at Tesco”. And when this happens, it reinforces the idea in a consumer’s mind that everything in the supermarket is similarly cheap, which it normally is.."
ELFCM492,16:29,07:26,45.1,"England had even almost won the Euro 1996 tournament. Well, not really almost won, they were knocked out in the semi finals by old enemies Germany, but there was a national sense that we could have won. And on a cultural level, Britain was punching above its weight. Musically, Britpop had been a great success, with"
ELFCM493,20:15,09:02,44.6,"If not, well how would they stand a chance against American shells and rifles? It would be a big decision for the shogun, who let’s remember was the military dictator of the country. But just three days after Perry and the Americans left, the ruling shogun died and was replaced by his ineffective and sickly son."
ELFCM494,35:53,16:13,45.2,"The Assembly General granted this, passing it into law. But when he returned to Saint-Domingue in 1790, he found that the governor general simply ignored it, he said “nope”. Vincent Ogé enlisted a group of mixed-race soldiers, and they rose up in protest. Now, it’s important to underline that what Ogé was requesting wasn’t the"
ELFCM495,19:40,08:48,44.8,"300% of Haiti’s GDP, 3 times the entire revenues generated by the country every year. Haiti simply didn’t have the money, and it was forced to borrow money from French banks at high rates of interest in order to pay back the French state. This created a so-called “double debt” - the debt repayment to the French state and the interest payments to the French banks who loaned Haiti the money."
ELFCM496,18:59,08:28,44.6,"nor will he increase income or consumption taxes on individuals. His proposal to the British public is that the country can invest in things like the NHS and increased border security primarily through economic growth and sensible good governance. The Tory government was such a mess, he says, it chased vanity projects such as sending asylum seekers to Rwanda, that simply by sticking to good governance and delivering economic growth"
ELFCM497,21:03,09:32,45.4,"locals play second fiddle, their needs come second. After all, to take a very transactional view, tourism is an economic arrangement between a country or city and people who do not live there. The city encourages people to come and visit it on the implicit condition that they spend money, that they inject money into the local economy."
ELFCM498,15:48,07:05,44.9,"And because they lose weight, they reduce the probability of cardiovascular disease, heart failure, all of these nasty health conditions that you are more likely to suffer if you are overweight or obese. Hallelujah, some health commentators were saying. This was literally a miracle drug."
ELFCM499,21:06,09:25,44.6,"settings, check the temperature and replace bits of the devices. When compared to the incredibly simple and idiot-proof act of putting a cigarette in your mouth and clicking a lighter, it failed to take off. What’s more, their early designs were criticised because they could be easily modified to smoke marijuana, which, for a device that was trying"
ELFCM500,15:30,06:52,44.3,"Each episode is around 20 minutes long, but behind the scenes, all in all, it takes something like 20 or 30 hours to go from an idea for an episode through to the final, published audio version, complete with all the learning materials. Sometimes it is quicker, if it’s a subject I know a lot about already, sometimes it’s a lot longer if it requires a much more extensive"
ELFCM501,20:30,09:08,44.6,"by 1969 his income from outside football was greater than what he was paid by Manchester United. This did make him a rich man by anyone’s standards, but two things. Firstly, he was incredibly generous, and would reportedly give £10 notes to homeless people. £10 is just under €12 today, it might sound like a pretty generous amount of money to give to a stranger, but back then it was the equivalent of something like €150."
ELFCM502,21:34,09:37,44.6,"successfully managed one in a competition, and Tonya Harding was one of them. It requires speed, strength and balance in very high quantities, and Tonya Harding had this extremely rare combination of all three. So, you have these two rivals, both very talented and skilful but completely different, and in the aftermath of the attack, the American media relished in comparing and contrasting the two women."
ELFCM503,22:20,10:06,45.3,"a town in Italy where a notorious Italian doctor was based. The doctor’s name was Michele Ferrari, and he was strongly suspected of supplying cyclists with performance-enhancing drugs. In particular, injections of EPO, the hormone that stimulates the production of red blood cells. In other words, this drug had the effect of allowing the body to produce"
ELFCM504,23:53,10:48,45.2,"The owner of this warehouse was a man called Avik Caron. It seems that FPAQ didn’t do much of a background check on him, because if they had done they would have discovered that he was a convicted fraudster, with allegations of mafia connections. Probably not the sort of person you’d want to trust with tens of millions of dollars worth of anything."
ELFCM505,21:24,09:43,45.4,"Wall Street banks had been packaging bad loans up and selling them to investors, and when it turned out that homeowners were unable to keep up with the repayments on their loans, the banks and investors holding the bad loans went belly up. Some went bust, went bankrupt, while others had to be bailed out by the government. And it was here that BlackRock and its famously risk-averse"
ELFCM506,23:27,10:31,44.9,"sure that they and their animals had enough to eat and drink. And this nomadic lifestyle, historically at least, would completely ignore national borders. Borders were man-made creations, imaginary lines in the sand. If you were crossing the desert on a camel and you navigated by the stars you had little idea where one state ended and the next one started."
ELFCM507,27:56,12:35,45.0,"made the decision to send in the British Army to restore order in Northern Ireland. Initially, some in the Catholic community welcomed the soldiers, thinking they would protect them from Loyalist violence and police brutality. But it didn’t take long for this relationship to sour. As the soldiers’ role shifted from peacekeeping to maintaining order, they were soon seen"
ELFCM508,24:59,11:19,45.3,"Now, these laws weren’t just about stopping people from stealing deer; rather, they were a signal to everyone of the absolute power of the monarch, and what fate awaits anyone who decides to challenge that power. And this would be ratcheted up a notch as we move into the late medieval and Tudor periods. By the 16th century, England was undergoing huge changes."
ELFCM509,22:24,09:59,44.6,"Because the death penalty was the stated punishment for so many different crimes–often crimes that we would now consider minor crimes–sentences were often passed in an arbitrary and inconsistent manner. One judge might decide that someone should be executed for theft of a horse, but another more lenient one, or one who was feeling particularly"
ELFCM510,20:22,09:08,44.9,"In the early 19th century, prison conditions, especially for female prisoners, were given a significant boost by a woman called Elizabeth Fry. Fry was a Quaker, and she had seen firsthand the squalor that still existed in British prisons. She also saw how dangerous prisons were for women, especially young women, children really, who had to share cells with adult, male prisoners."
ELFCM511,17:44,07:59,45.0,"So, what was happening in the lead-up to the crash? Why was Diana in Paris that night? And what role did the paparazzi play in it all? Diana and Dodi Fayed had only met 6 weeks before, but it was a whirlwind romance. They spent the summer of 1997 together, travelling on Dodi’s father’s yacht"
ELFCM512,22:14,09:58,44.8,"Currencies were tied to each other, and these currencies in turn were tied to the amount of gold that existed in the reserves of the central banks of these countries. This had a great stabilising act. Because each country’s currency was tied to gold, the value of currencies between countries became more predictable."
ELFCM513,21:34,09:45,45.2,"Because many EU students enrolled in less-expensive courses to deliver, for example, humanities subjects, even though they paid the same fees as domestic students, they were still a net benefit to British universities. After Brexit, students from EU countries now have to pay international fees. And given that universities in EU countries are often highly subsidised or"
ELFCM514,19:30,08:46,45.0,"over is the same: students learn “subjects”, they pass “tests”, education is standardised. In most education systems, a student receives a grade, a mark, and they can easily be compared to everyone else in their age group. Some might receive the top mark, they might get an A* or 10/10. But it is unlikely that the teacher will take them to one side and give them"
ELFCM515,20:13,09:09,45.3,"areas such as grading, lesson planning, and administration — could be outsourced to technology.” If this time is retrieved from teachers, then this opens up a not insignificant amount of time that can be spent more effectively on guiding and helping students. But this brings up an important question: Can AI really replace these tasks effectively? Will it actually free up enough time for teachers to"
ELFCM516,21:28,09:38,44.9,"It was a cunning system indeed, and did allow these men to complete what has been described as one of the first instances of underwater archaeology. But, it had its limits. 20 metres, after all, is not very deep. Throughout the 16th, 17th and 18th centuries, inventors continued to tinker away on new"
ELFCM517,20:58,09:22,44.7,"themselves and their families, they can do all of the things that create economic growth. These institutions are inclusive; they exist for the benefit of the citizens. On the Mexican side, however, the institutions are weaker. Citizens have less confidence in the fairness of the legal system, there is the problem of organised criminals, the rule of law and of institutions are weaker."
ELFCM518,17:57,08:01,44.7,"Nuclear power stations would have no ugly black smoke coming out of the top, there would be no dusty coal trucks driving in and out of the plant every day, there would just be harmless water vapour coming out of a large chimney. They could work day and night, they needed to be built next to a river or sea or some source of water, but other than that, they could be built anywhere."
ELFCM519,22:37,10:08,44.8,"This was part of the test’s procedure, intended to simulate what would happen if there were a sudden need to shut down the reactor. But as they did so, things started to go wrong. The power dropped to dangerously low levels—far lower than they had planned for, and much lower than what the reactor was designed to handle safely."
ELFCM520,21:53,09:53,45.2,"Uranium deposit; more will be found to be used for many, many years to come. And secondly, there is the more interesting argument that nuclear waste, the toxic byproduct of producing nuclear energy, can actually be reused again and again. So we have a load more fuel just sitting there, and this can be used multiple times to generate more electricity."
ELFCM521,19:53,08:55,44.9,"process was changed 25 years later with the 12th Amendment in 1804. This amendment established that people would vote for the President and Vice President as a pair, much like they do today. Since then, the Presidential candidate has chosen a running mate who might appeal to a particular segment of the population—maybe younger voters,"
ELFCM522,23:13,10:23,44.8,"Now, this is no problem at all when the exchange rate between dollars and Lira is stable, but if the exchange rate fluctuates, if it moves, then it can spell trouble. And this was unfortunately what happened in 2018. The Turkish lira had been losing value gradually for many years, but in the summer of 2018, things took a turn for the worse."
ELFCM523,21:48,09:47,44.9,"To state the obvious, this was a difficult and dangerous journey. It was long, and the route was filled with bandits and hostile forces. This is where the Knights Templar stepped in. Their job, their entire reason for existence, was to offer protection so that pilgrims could complete their spiritual journey safely."
ELFCM524,20:52,09:19,44.7,"And moving forward a few hundred years, as technology continued to develop and information could be passed through telegraph cables rather than through hushed whispers or hidden in beer barrels, the role and importance of espionage only increased. The ability to intercept, decode, and analyse messages became a powerful tool for nations, and espionage grew into a vast and complex operation"
ELFCM525,22:40,10:12,45.0,"But as the story spread among European adventurers, it evolved. El Dorado was no longer just a man; it became a mythical city, then an entire kingdom, said to be overflowing with unimaginable riches. A king so rich that he covered himself in gold every morning and would wash it off at night, so plentiful were the gold reserves that it would simply be discarded, washed away."
ELFCM526,23:31,10:33,44.9,"$25,000 per kilo to send something to space, but some projects were upwards of $100,000 per kilo. Companies such as SpaceX have been hyper-focused on reducing the cost of going to space so that it now costs around $1,500 per kilo. But with reusable rockets and increasing efficiencies in every part of the launch process, there are some estimates that this could be brought down to around"
ELFCM527,20:39,09:13,44.6,"only fueled the public’s fascination with his work. By the early 2000s, Banksy’s work had started to appear beyond Bristol. His unique style—witty, satirical, and deeply political—could be found in cities all over the UK. And here, it’s important to emphasise that his art was public, it was street art, done specifically in public places to be consumed by the public."
ELFCM528,21:42,09:49,45.3,"and they needed to reassert control over the prisoners. One of the ways they did this was by targeting the prisoners who they saw as leaders—those who were more likely to resist. The guards singled them out for extra punishment, like longer periods in solitary confinement or forcing them to do degrading tasks."
ELFCM529,26:04,11:44,45.0,"This Trump-Hannity relationship was unique. The two men had extensive private late-night conversations and public “phone-ins,” where Trump called in, and the conversation was broadcast live on Fox News. In an early one of these calls, when the COVID-19 pandemic was just starting to hit the United States, Trump proudly told Hannity that he had delayed a"
ELFCM530,24:53,11:11,45.0,"and—importantly—unambitious in the eyes of those in power. This made him the perfect candidate for those looking to elevate someone they could control. In 1998, he was appointed head of the Federal Security Service, or FSB, the successor to the KGB. Just a year later, in 1999, Boris Yeltsin, Russia’s first president, made him prime minister. Putin’s appointment came at a chaotic time for Russia."
ELFCM531,21:51,09:51,45.1,"The allegation was unsubstantiated, there was no evidence for it. And it didn’t make much of a dent abroad. But it was most definitely noticed by the Kremlin. Shortly afterwards there was a new law passed that made defamation of the President a federal crime. Now, before we continue, let’s just remind ourselves of exactly"
ELFCM532,22:26,10:07,45.1,"in Russia, and he had been officially pardoned in 2010, eight years before. And not only that. He had been given British citizenship and was living quietly in the UK. Now I should add that it has since been claimed that Skripal was not living quite as quiet a life as it was originally made out and he was still doing some"
ELFCM533,21:02,09:29,45.1,"Farmers would be planting crops at the wrong times, festivals would drift across the seasons, and even military campaigns could be thrown into disarray because the calendar no longer aligned with the natural world. To make matters worse, powerful officials exploited this confusion for their own benefit. If extending a year or shortening it could help them stay in power or delay an"
ELFCM534,22:51,10:13,44.7,"But, as you will know, they were wrong. The first major clue that DNA was the molecule of heredity came from a series of experiments in the 1940s. In 1944, a team of scientists led by a man named Oswald Avery performed an experiment that showed that DNA, not proteins, carried genetic information."
ELFCM535,23:48,10:42,45.0,"Now, moving on to our next mathematical development, let’s talk about angles and perspective. As anyone can observe, if you look at a road disappearing into the horizon, it seems to narrow and get smaller the farther it goes. Or, when you see a row of trees in a field, the ones in the distance appear much smaller than the ones closer to you, even though, in reality, they’re all the same size."
ELFCM536,23:29,10:31,44.8,"return to their masters with a large invoice and the prospect of more work to come. Now, this was an extreme example, but it is reflective of the often misalignment of interests between the mercenary and his master. And by the late 15th century, the golden age of the condottieri was coming to an end. There were several reasons for this decline."
ELFCM537,24:20,10:57,45.1,"cash every month, so, to all extents and purposes, it is free. When you compare this to the UK, for example, where it can easily cost €2,000 a month per child, well it makes life significantly easier on your wallet. But apart from the cost, how is Swedish nursery different? Well, one thing you often read in articles about Sweden and other Scandinavian countries is about"
ELFCM538,22:40,10:10,44.9,"But not Fawcett. For some reason, he simply didn’t get ill, or at least never seriously ill. He also seemed never to tire. When the going got tough, and his party hadn’t eaten for several days or someone was suffering from a disease, he wouldn’t let them lie down to rest."
ELFCM539,22:52,10:21,45.3,"And they would do this over and over and over, moving all the way from Dunkirk to Barcelona. Or technically, Delambre did the northern part, from Dunkirk to a town called Rodez in central France, and Méchain was responsible for the southern part, from Rodez down to Barcelona. Even though they divided the work, it was incredibly laborious, requiring delicate instruments and precise observations, often repeated many times to eliminate errors."
ELFCM540,27:38,12:30,45.3,"And Mustafa Kemal, then only 34 years old, was one of the key commanders of this historic victory. It was during this battle that he gave one of his most famous orders to his men, an order that would go down in history as defining his character. “I do not order you to attack,” he said, “I order you to die.” But while Gallipoli made him a hero, and provided plenty of soundbites"
ELFCM541,25:27,11:26,44.9,"at the same time he was secretly cutting deals with foreign leaders. He was, in many ways, a Balkan Machiavelli, a geopolitical strategist balancing alliances, manipulating rivals, and ensuring his survival through cunning diplomacy. He also had another technique up his sleeve: terror and fear. He executed enemies in gruesome ways, sometimes publicly, to send a message."
ELFCM542,24:02,10:52,45.3,"this push for Enosis made them feel even more vulnerable. They feared that if Cyprus became part of Greece, they would lose political power completely and become second-class citizens. Greek Cypriots might even force them to leave Cyprus, just as the Greeks had expelled Muslims from newly independent Greece in the 19th century."
ELFCM543,21:07,09:34,45.3,"which country is most associated with perfume, the answer would almost certainly be France. And it is a well-deserved reputation. Because while the Romans indulged in"
ELFCM544,22:28,10:08,45.1,"More than 30 years of standing at funerals with offensive signs, rejoicing in the deaths of strangers. At first, their protests focused on events related to gay rights, claiming"
ELFCM545,23:50,10:48,45.3,"the revolt, suspicious of British intentions or unwilling to commit without clear guarantees of victory. This was where Lawrence entered the picture."
ELFCM546,23:44,10:45,45.3,"image, feeding the press stories about being a Javanese princess trained in the ancient, sacred art of temple dancing. It was, of course, nonsense; she was Dutch, had never been"
ELFCM547,25:34,11:26,44.7,"not just the word of the pilot. This will be important when it comes to some of von Richthofen’s actions later on. He met Oswald Boelcke again later in 1916, and by this time, Boelcke had become"
ELFCM548,20:43,09:20,45.0,"farmer, was another one of the few who refused to play along, and of course, he found himself accused of witchcraft too. He wouldn’t confess or deny the charges, so the court ordered him to be pressed"
ELFCM549,23:53,10:40,44.7,"There were handwritten notes, photographs, and, most unsettlingly, video tapes Earl had recorded himself. The footage was shaky but vivid: dead cows sprawled across the"
ELFCM550,26:43,12:00,44.9,"bullets, arrests, the textbook response of an authoritarian regime in the face of public protest. But unlike previous protests, the demonstrators didn’t disperse."
ELFCM551,18:45,08:30,45.4,"Cairo was the centre of the 2011 revolution, and Tahrir Square an almost indestructible monument to civil unrest. By shifting the government to a remote desert site, the critics"
ELFCM552,23:03,10:26,45.3,"perhaps even a man who was hiding his homosexuality, and out of shame, he had murdered Regeni. That’s why he wasn’t wearing any trousers,  that’s why he"
ELFCM553,23:35,10:37,45.0,"to be protected at all costs, created if it doesn’t exist already, or increased if it is considered too low. Without a fair minimum wage, the most vulnerable in society risk being even"
ELFCM554,20:13,09:10,45.4,"machines act like giant air filters, pulling in huge volumes of air and using chemical processes to extract the CO2. Once it’s captured, the carbon is compressed and injected deep underground,"
ELFCM555,25:18,11:28,45.3,"And to a population exhausted by years of instability and civil war, the idea of a strongman didn’t sound so bad. So, in 1965, at the age of 35, Mobutu saw his chance."
ELFCM556,20:27,09:03,44.3,"highest GDPs per capita in Africa. But, as you might expect, almost none of that wealth reached the average citizen. Most of it was controlled by the president and his family, particularly his son,"
ELFCM557,21:58,10:00,45.6,"and energy companies to his daughter, Isabel, who has been accused of being just as corrupt as her father. As a quick side note, Isabel Dos Santos was found to be the owner of a bunch of"
ELFCM558,26:25,11:58,45.3,"It’s still not clear exactly which route Hannibal took, but there was and still is no easy route across the Alps. Managing it was a feat so bold that Roman historians centuries later still couldn’t"
ELFCM559,23:49,10:48,45.4,"who thought they would never be caught–but it turned out to be the start of something much bigger. According to one report, before she was condemned to death, she said,"
ELFCM560,20:04,09:09,45.6,"a question of fairness, so the argument goes; it’s also a practical solution to a looming demographic crisis. In short, Italy needs more people, and many argue that it should"
ELFCM561,20:26,09:15,45.3,"children, and then grandchildren, and were able to live and exist like any other British citizen. Then, in 2012, everything changed. The British government, under Conservative"
ELFCM562,19:19,08:47,45.5,"like Malta, with a population of less than half a million, it equated to more than €3,000 for every man, woman and child. Yes, not all of this money reached the average person in Malta, and"
ELFCM563,21:55,09:53,45.1,"be harmed if something went wrong. And then, after years of experimentation, he made a breakthrough. He discovered that if you mixed nitroglycerin with a kind of"
ELFCM564,26:00,11:45,45.2,"had a pretty wide remit; it was intended to go on a bunch of different missions, not just Darién. And so in July 1698, the first ships set sail."
ELFCM565,23:11,10:22,44.8,"but sometimes it’s harder, and it takes a bit more time and thought to get it right. Then, I start writing. When I first started, I would write out general bullet points rather than"
ELFCM566,23:11,10:17,44.4,"aren’t a good use of limited water. Globally, around 70% of all freshwater is used for agriculture. Sure, agriculture is a perfectly good use of water in some cases, but in"
ELFCM567,22:20,10:04,45.1,"clearly a very good business: in the United States alone, there are 37 million active illegal drug users. And the nature of drug use and drug addiction is that it is, almost"
ELFCM568,23:09,10:31,45.4,"Swartz believed these should be free, especially as the court system made a $150 million a year profit from selling them. He wrote a script that downloaded them en masse and managed to download 20"
ELFCM569,24:32,11:04,45.1,"for him to feel animosity towards the healthcare system, but it was nothing particularly out of the ordinary. And as more details emerged about Mangione, his manifesto, and the"
ELFCM570,27:16,12:23,45.5,"spending is split into three categories: mandatory spending, discretionary spending, and interest on government debt. Mandatory spending refers to the money that the government is obligated to"
ELFCM571,25:03,11:23,45.4,"operated more independently, and in this case, it’s believed without Arafat’s direct authorisation. So, to put it simply, it seemed like these men were trying to use the"
ELFCM572,22:13,10:00,45.1,"He was the son of the heroic general Germanicus and the adopted grandson of Rome’s first emperor, Augustus. He seemed to embody a golden future, a new chapter for Rome."
ELFCM573,33:48,15:17,45.2,"the emperor of Rome lowering himself to consort with a freedwoman, but a threat to her own position. If Acte gained influence, Agrippina’s grip on her son would weaken even further."
ELFCM574,25:06,11:24,45.4,"course, no reflection on his talents as a marksman, as an archer, but rather of his insatiable thirst for blood. And he is also remembered for getting into the arena himself, for"
ELFCM575,21:33,09:44,45.2,"is unreliable: we tend to overemphasise the highs and lows, and undercount the ordinary moments. This is sometimes referred to as the “peak–end rule”: when people recall"
ELFCM576,23:13,10:29,45.2,"But these weren’t just any ingots; they were numbered, part of the stash lifted from the vault in Nice. The police closed in, arrested him, and the net began to tighten."
ELFCM577,21:59,09:57,45.3,"just an intellectual exercise; it was a ticket to a career as a notary, a judge, or an adviser to a bishop or prince. In a society where almost all power was mediated through law or the Church,"
ELFCM578,21:48,09:55,45.5,"unlike many European countries, where most students will go to the closest university and still live at home. In the UK, people typically move away from home and will spend their first"
ELFCM579,22:01,09:58,45.3,"In the United States, like in many countries, it is the government that decides what can call itself a university. The word means something, and for an educational institution to call itself"
ELFCM580,20:40,09:22,45.4,"genuine emergency plan to crush unrest or uprisings, and Hitler himself even signed off on it. But unbeknownst to Hitler, Operation Valkyrie was being used to take him down."
ELFCM581,29:10,13:11,45.2,"missiles from its own stocks, with U.S. approval, and would later be replenished by the United States. The Iranians would pay the agreed price, and the hostages would be released."
ELFCM582,24:35,11:03,45.0,"And it was in this Italy — divided, restless, and full of tension — that the bombs began to explode. Indeed, the explosion at the bank in Milan was not the only bomb that day."
ELFCM583,21:05,09:29,45.0,"These communications kept the public up to date with the “trial” and their demands for Moro’s release. Initially, the kidnappers demanded the release of 13 imprisoned"
ELFCM584,20:24,09:10,45.0,"The funerals were held in Bologna’s Piazza Maggiore, the great square at the heart of the city. Thousands upon thousands of people stood in silence, clutching photographs,"
ELFCM585,19:57,09:01,45.2,"but firstly, that number has proved not to be correct, and secondly, it’s important to see it in perspective. On the first point, according to a recent study, a single Google"
ELFCM586,18:01,07:45,43.1,"Not gravy “ice cream”, which might be just normal, bog standard low-quality ice cream, but premium gravy “gelato”. According to the official release, “With a luxuriously velvety texture"
ELFCM587,20:04,09:03,45.1,"of themselves en masse, well, the choice of ‘selfie’ as Word Of The Year provides a pretty good clue. And we can go on. In 2016, ‘post-truth’"
ELFCM588,18:33,08:16,44.6,"categories one by one. We’ve already started on the bodily functions, so let me continue. Use the restroom, go to the bathroom, spend a penny, powder your nose, answer"
ELFCM589,21:21,09:36,45.0,up Facebook to see a link to a news story or a poster about a special deal on coffee; they wanted to see their friends. But it was kind of ok. Then Facebook started encouraging
ELFCM590,26:05,11:48,45.2,"they put a high value on education and they quickly realised that their eldest son was not like other children. He was off-the-charts intelligent. By the age of six, Ted was doing"
ELFCM591,24:13,10:55,45.1,"that these children typically come from second-generation immigrant backgrounds, often with parents on low incomes. To these children, entering the criminal world offers an easy ticket to"
ELFCM592,26:48,12:04,45.0,"MP in their constituency was indirectly voting for him as Prime Minister, because he was the Labour leader. The consequence of this system, the so-called “first past the post”"
ELFCM593,23:47,10:35,44.5,"its most elaborate, most organised, and arguably most powerful form. Imperial China. If you imagine all the well-known court eunuchs of world history — the ones who"
ELFCM594,29:01,13:06,45.2,"sons of the next King, and he began to position himself right at the heart of the royal court. Sure enough, in January, 2015, King Abdullah died, and the crown"
ELFCM595,26:03,11:42,45.0,"The Line, wasn’t simply his vanity project; it was to be an attractive investment opportunity for foreigners. See, there was no shortage of foreign companies that would happily take Saudi"
ELFCM596,24:25,10:58,44.9,"Khashoggi understood the risks, but he believed he had a degree of protection. He was well-known. He lived in the United States. He was a high-profile columnist for"
ELFCM597,27:34,12:18,44.6,we just build more houses?” This is where we need to talk about housing supply. Because alongside all these financial factors pushing up
ELFCM598,25:43,11:28,44.6,"People were astonished that someone could be paid such an astronomical sum just to make people laugh. But the studio president explained it simply: ""We can afford to pay Mr. Chaplin"
ELFCM599,22:58,10:20,45.0,"bread and grains, the dogs that survived were the ones whose stomachs adapted to eat our leftovers. They literally evolved to share our dinner."
ELFCM600,28:21,12:48,45.1,"peak of the cat's status in human society, medieval Europe represented its absolute nadir, its lowest point. As Christianity spread across Europe in the early medieval period, cats"
ELFCM601,27:00,12:06,44.8,"powdered ""dragon bone,"" which is actually fossilised animal remains, usually from Ice Age mammals. The ancient Chinese clearly found these bones, and attributed them to dragons."
ELFCM602,25:21,11:22,44.9,"most powerful uses of AI, and clearly it’s relevant to you, because you are listening to one right now. So, first, listen to the episode normally. Don't look at the transcript yet."
ELFCM603,22:58,10:20,45.0,"Nobody was coming. There was an immediate collapse of spirit. The news hit them like a second crash. But then, strangely, something shifted. This knowledge that they were on"
ELFCM604,24:58,11:17,45.2,"a Methodist church group and the US government, as part of a deliberate attempt to destabilise the country. Or at least, that was the official policy line, and what Otto confessed"
ELFCM605,27:25,12:18,44.9,"And that made him, in theory, a potential rallying point for anyone who might want an alternative. There were whispers that China was quietly keeping Kim Jong-nam as"
ELFCM606,23:28,10:34,45.0,"lead actress in many of his films. This, of course, was the same Choi you heard about at the start of the episode. Kim Jong-il knew all of this. And he had a plan."
ELFCM607,25:14,11:26,45.3,"universities in the United States, a place where Supreme Court justices, senators, and presidents have passed through. For a kid from small-town Ohio, whose mother had battled addiction and"
ELFCM608,28:36,12:47,44.7,"NUM's funds were limited and, as the months went on, partly because those funds were frozen by the courts. So the men who went out and stayed out for a year were, in many cases,"
ELFCM609,20:33,09:18,45.3,"To question the Bible was, in this reading, to question why some people owned land and others did not. Now, by the twentieth century, most people in Britain assumed that"
ELFCM610,24:20,10:58,45.1,"Gibreel could be a reference to the angel Gabriel and Saladin to the Muslim military leader who defeated the crusaders. Remember, Rushdie was a Cambridge-educated scholar of Islamic history, and"
ELFCM611,25:18,11:23,45.0,"As the old saying goes, ""I disapprove of what you say, but I will defend to the death your right to say it"". But the debate was not just between famous names in newspapers."
ELFCM612,22:26,09:59,44.6,"The lawful judgement of ""his equals"" — people like him. Peers judging peers. So when the British government talks about removing jury trials for a"
ELFCM613,26:51,12:11,45.4,"into labour brigades, but, importantly, most had survived; the deportations to the death camps had not yet begun. However, among the first Nazi officials to arrive in occupied"
ELFCM614,30:34,13:43,44.9,"They learned the Irish language. They adopted Irish customs. They intermarried with local families. They became known as the Old English. The settlers were becoming, it was said,"
ELFCM615,30:59,13:57,45.0,Minister — he had no particular sympathy for Irish Catholics. But he was a pragmatist. What O'Connell's election had demonstrated was that the Catholic
ELFCM616,25:07,11:17,44.9,"waiting for Home Rule, well, it collapsed. And in December 1918, the United Kingdom held a general election. Sinn Féin won seventy-three of Ireland's hundred and five Westminster seats."
ELFCM617,23:50,10:42,44.9,"Their man, a figure named Said Mohamed Jaffar, is installed as president. He lasts five months. The problem is that the United National Front was always a loose arrangement."
ELFCM618,23:27,10:40,45.5,"people — especially women — would do their make up in a way that made them look like they had tuberculosis. Pale skin, red lips, and even using toxic cosmetics to make"
ELFCM619,22:20,10:01,44.8,"power and political allegiance. The county sheriff, a man named Johnny Behan, was sympathetic to the Cowboys. He had grown up among ranching people and shared their wariness of the Earp"
ELFCM620,24:59,11:18,45.3,"His belief was that Indian Territory was in dire need of order, and he was willing to be ruthless in his pursuit of it. And interestingly enough, one more progressive element of his"
ELFCM621,25:27,11:26,44.9,Carlos and returned to the mountains. He continued the raiding in Mexico and in Arizona. He found himself being chased by thousands of American soldiers
ELFCM622,23:39,10:37,44.9,Chimpanzees sleep around ten hours a night because their sleep is so frequently disturbed. Humans sleep seven to eight hours. And we sleep deeply.
ELFCM623,24:04,10:52,45.2,"This is the talent that will produce, eventually, the greatest biography in the English language. But first, he needs his subject. And you will win no prizes for"
ELFCM624,25:25,11:24,44.9,"The reality is a little more complicated. George was a constitutional monarch, not an absolute one. In other words, he could influence policy, but it was the British Parliament"
ELFCM625,26:17,11:47,44.9,"biggest fight of his career so far. His opponent was Sonny Liston, the heavyweight champion. Liston was one of the most feared men in boxing."
ELFCM626,24:27,11:00,45.0,"have never tried it, but it does appear that the swazzle is not an easy piece of kit to use. You need to shape the words clearly while forcing air through the reed,"
ELFCM627,24:10,10:50,44.8,"and with hunting cries like ""tally-ho"" and ""gone away"". The hunt also had its own ritual. The meet, where the hunt gathered, which was usually in front of a"
ELFCM628,24:06,10:48,44.8,"which pier was meant for them. And it was the working classes who quickly became the dominant force. By the 1880s, Blackpool was getting hundreds of thousands of"
